index,disease_name,description,Possible Steps,image_url
0,paddy:Leaf Blast,paddy,"Choose resistant varieties when possible.
Rake under trees and destroy infected leaves to reduce the number of fungal spores available to start the disease cycle over again next spring.
Water in the evening or early morning hours (avoid overhead irrigation) to give the leaves time to dry out before infection can occur.
Spread a 3- to 6-inch layer of compost under trees, keeping it away from the trunk, to cover soil and prevent splash dispersal of the fungal spores.
For best control, spray liquid copper soap early, two weeks before symptoms normally appear. Alternatively, begin applications when disease first appears, and repeat at 7 to 10 day intervals up to blossom drop.",https://blogger.googleusercontent.com/img/b/R29vZ2xl/AVvXsEgKdq4KogQM1Upp4RPjGxg4ktGfGpD4qLsnZANnO3FnBNfKNCkRUCoGeRrQrmZjUVFUanP3rH2fYj01XNtGquBYaxaj_eR9Qt5_9NExd6BXKT_w5S6QkIGrVt0J7jznz8HgxjtHbcnXFpiMeJ4rsRsPm067qMNQuLhOtvTUTCpsrIvi3iCmFebC5oq-R5UW/s1766/leafblast.png
1,Apple : Black Rot,"Leaf symptoms first occur early in the spring when the leaves are unfolding.
They appear as small, purple specks on the upper surface of the leaves that enlarge into circular lesions 1/8 to 1/4 inch (3-6 mm) in diameter.
The margin of the lesions remains purple, while the center turns tan to brown. In a few weeks, secondary enlargement of these leaf spots occurs.
Heavily infected leaves become chlorotic and defoliation occurs.
As the rotted area enlarges, a series of concentric bands of uniform width form which alternate in color from black to brown. The flesh of the rotted area remains firm and leathery. Black pycnidia are often seen on the surface of the infected fruit.","Remove the cankers by pruning at least 15 inches below the end and burn or bury them. Also take preventative care with new season prunings and burn them, too.You are better off pruning during the dormant season. This will minimize the odds that fire blight will infect your tree and produce dead tissue that can easily be infected by Botryosphaeria.You should also take precautions if the bark is damaged by hail, or branches break during a windstorm. Using a copper-based fungicide will protect against both black rot and fire blight.",https://blogger.googleusercontent.com/img/b/R29vZ2xl/AVvXsEgKdq4KogQM1Upp4RPjGxg4ktGfGpD4qLsnZANnO3FnBNfKNCkRUCoGeRrQrmZjUVFUanP3rH2fYj01XNtGquBYaxaj_eR9Qt5_9NExd6BXKT_w5S6QkIGrVt0J7jznz8HgxjtHbcnXFpiMeJ4rsRsPm067qMNQuLhOtvTUTCpsrIvi3iCmFebC5oq-R5UW/s1766/leafblast.png
2,Apple : Cedar rust,"Cedar apple rust (Gymnosporangium juniperi-virginianae) is a fungal disease that requires juniper plants to complete its complicated two year life-cycle. Spores overwinter as a reddish-brown gall on young twigs of various juniper species. In early spring, during wet weather, these galls swell and bright orange masses of spores are blown by the wind where they infect susceptible apple and crab-apple trees. The spores that develop on these trees will only infect junipers the following year. From year to year, the disease must pass from junipers to apples to junipers again; it cannot spread between apple trees.","Choose resistant cultivars when available.
Rake up and dispose of fallen leaves and other debris from under trees.
Remove galls from infected junipers. In some cases, juniper plants should be removed entirely.
Apply preventative, disease-fighting fungicides labeled for use on apples weekly, starting with bud break, to protect trees from spores being released by the juniper host. This occurs only once per year, so additional applications after this springtime spread are not necessary.
On juniper, rust can be controlled by spraying plants with a copper solution (0.5 to 2.0 oz/ gallon of water) at least four times between late August and late October.
Safely treat most fungal and bacterial diseases with SERENADE Garden. This broad spectrum bio-fungicide uses a patented strain of Bacillus subtilis that is registered for organic use. Best of all, SERENADE is completely non-toxic to honey bees and beneficial insects.",https://www.planetnatural.com/wp-content/uploads/2012/12/apple-rust.jpg
3,Apple : Healthy,"As with most fruit, apples produce best when grown in full sun, which means six or more hours of direct summer Sun daily.The best exposure for apples is a north side of a house, tree line, or rise rather than the south.Apple trees need well-drained soil, but should be able to retain some moisture.","Apples Are Nutritious. 
Apples May Be Good for Weight Loss.
Apples May Be Good for Your Heart. 
They're Linked to a Lower Risk of Diabetes. 
They May Have Prebiotic Effects and Promote Good Gut Bacteria.
Substances in Apples May Help Prevent Cancer.",https://previews.123rf.com/images/msnobody/msnobody1508/msnobody150800002/43698436-red-apple-on-a-branch-of-an-apple-tree-on-a-sunny-day-organic-farmingagriculture-fresh-healthy-natur.jpg
4,PADDY:NECK BLAST,"Leaf symptoms first occur early in the spring when the leaves are unfolding.
They appear as small, purple specks on the upper surface of the leaves that enlarge into circular lesions 1/8 to 1/4 inch (3-6 mm) in diameter.
The margin of the lesions remains ",please reupload image with leaf,"data:image/jpeg;base64,/9j/4AAQSkZJRgABAQAAAQABAAD/2wCEAAoHCBYWFRgWFRYYGBgYHBkYHBgYGBgYGBgYGBgaGRgYGBgcIS4lHB4rIRgaJjgmKy8xNTU1GiQ7QDs0Py40NTEBDAwMEA8QHxISHjQkJCg0NDQ0NDQ0NDQ0NDQ0NDQ0NDQ0NDQ0NDQ0NDQ0NDQ0NDQ0NDQ0NDQ0NDQ0NDQ0NDQ0Mf/AABEIALgBEwMBIgACEQEDEQH/xAAcAAACAgMBAQAAAAAAAAAAAAAEBQMGAAIHAQj/xABBEAACAQIDAwkFBQcEAgMAAAABAgADEQQSIQUxQQYiUWFxgZGhsRMyQlLBI2JystEUM4KSouHwJFPC8QfiNHPS/8QAGQEAAwEBAQAAAAAAAAAAAAAAAQIDBAAF/8QAKBEAAgICAgIBAwQDAAAAAAAAAAECESExAxIiQVEycYETQmGxBDPw/9oADAMBAAIRAxEAPwClZ5tSE3bDETQixnnWNXyOsM/Ng+KqazXAPeEYmjeSSqQqTZphGuYwemLQPBpYw+qdInIs4GimhcN8nRRBWbjPGxFoyQYtLIyoLbjL7yJx4Kmmd6nMOxtGHoZzrD1biNNnbQai6uvA6jpHERoS6uylpovfKmoRUoLc2ve3Am4Hj+sVcpPdYfMyeSsZLtfGirUpsuoGR+BIDh7C44fZnxgvKmpbKOkk+Cr+pi8juReCqBXctoHXNpLUrSFjeTaITVgjveMtgLdih3OR4X51uu0W5DGexXC1qZOnPA8Tb6yqkkTg2mdP5KV2NEo/v02KEXvp7yHvUgwvbaXpMeix87HyMr+y8cKVVSxAWpaiTfQOt2pk9oZk7VWONt4xRTK3BZlaw42WxY9n1IE0uSfGyii1NM5Vyoe+LbqVB/Tf6wbPYTNttfFVD94DwVRNEps7BVBLMQABxJmNrCJcjub+5mGwT13CILsfADizHgBGWLxK4dDh8Md/72sPecjeqngo6v7mXH1lwyfs9M3qN++qDhp+7U9Guv6k2VYS26dbKqNfcb7G2iwUK2tuniOmMtp7K/aKAdMy1kuKeujqNcl+BIuV6wRxiVaQ3y27AIZMhPvXA6nXnA91vOPBplVmNM5gim5ve/G++/G8tXISkDikY/AGPflIHr5Tblbsko/tgObUJzdT/F47/Ga8izlrr228QRGTyZlGp0y0crVPsmcXujI4t05ylx3MIJTx4dAx0LCzCx0a1vA74/2mAUdd/NY/y5TKrQQ83S2jXH8ojpWrNTfoFYCliXUaAgNbt3xsMUiq2ZgLX3np1HrFO0gGfMfeFhfsEW4dfaVCrbn0t0HpHhJOXWTRR5qy0UxlSog+JWt2lbjyPlHJQlEP3Rfwi9Fs+u7RR1kkAX8D4zXaWOOGpsWUtYgADh0Zj0R2kTeMgtB7VavQQxPQdwEkOGHOQtay+0B+TL7x7LQbCsCSdLuD323+cf4fDhgFbRnV0B4gMpJ/J5yaj2dDN0iu1cFjlJClWA3Ne1x02nsjw+2fZj2dWoFdCysp36MbHsIsR1ETJ3V/ItL5KjiFForq74yrqdYpZrNY90aJnk7DMDpG1TdF2zxeNbaRJPyJx2DUH50JqPcGCousnqpzZzabHFhO+SpQuNZrRp6xrRp2E5yrQsVbAETLJS+klrrrNUTWKmOlWCz7HUjDXJJvlax+H7Qrp3TflXqyHqP0mZsmHprxfh9xFLX/AJmHhNOUJuy9h9YJPJrWIFYrIZNSS4m7ibIIbwSqyJ6E0w1EtURQbXYC/Rrvk9R5ClTK6sPhYHwMMUJKKL9t/ZirRIW9itx/9lFi4Pay5vCDYvHl0QjRSild+a5YqwPeoMc7VcMpuRlBVv51tv8A4jKzTZTTRV1yhf63z2/qj8r3RbizsqW09atQ9Lt+Yxrg7YaiK7fvqoIpKfgTi5Hfp2jpMH2XgPbYjKfdDMzn7oO7vNh39Uh23izUrM1+apyIBuCKbC3r3yezJpuT+cC2oCSSTe+t+NzvJm+GexkbvrNqY1j1gdPA7wzRlszEtTcAbiykdTDd3Hd4RJhqsYYZgzLfp/685KDakPCVnQMfgUxNB0G51up+VhqD3Hf3zm2xnNKrZtGRhcdatqPKX7ZeMCXUnTfrw4X7DpfxldxmAH7bUcjmmzDoJYC/neapJNpoDi+yZZNotdkt8WYnrQob/wDExPVpZQH3Fcqtc31sVJv2r5wvAks7L8lMhezMC3fYKO6DYl86IP8AcQ6jgyEMPQ+MKwqKP0wDF0A6uw3rY/54xfsSiPag9AJ+n1jHZb3zg9JH0i7Zr5alUdSgd5MnJXJMol4sf4d7sl/if8gP1M25WjNh3H4fHMIPiGyPRsDZFJuek3J1jDG0/aU0Hz5Ovjc9ugjN7QrjasT7MwIoU6d9XILMei+5ezWWih7yN8rHzH/qYn224RCx0AAHn/aFbMxodWsdMocG+8qRceF5ybs5pJUS7R5O4arUapUXnNa/cAB5ATJYUUEA9IHpMj9CfZHGHXqi/EYUHW0YVSbaSKnU6Zli36FawQ4KgQZPiHtJlI4QXEi5h2yTqJthNTDqlPSBYNbRox5snK+wY5FtClrC3NhMRdZtXTmxyqjQMJrfWeZ7Twweyb2WSu+alhmHBKiHtW/0tNeUTWKdan1mmGv+yAkEWqEr1hkcHzU+E85TjnU/wn/j+s5rKNUfoYnBM9DieuwC6xW2K50brZJ+Iyr6jSCOLib0qtxJaNPgZywhdl99qXwatx9hTJvxKGx7+aYl2fULJmPF7+Fv08obs3Ej9hqJfnIri3UTnXzY+EW4FrUlHElyB0nnW+kMspGjh0yGi/ssM7gc+sSqniANCe7nfzCV+pTNo95QPZ0Qe6iADrvrfwy+EWpYxVgycsbdfAnqKQdYTREaPgwwgdahlMfsmg9aiDNXymMsJWuLxNiUuYXs+8VxxYqTjkv2xcUHAJ0dQbj5lG8doteONt0wyrUXqvEfJHDAsG+6x720HrD6WK5r4d/fX3T06ad9paOFT9mneSPYrfasw4fTU+U9rYYKyge6jVD2AEsvkRI9kDKw6TqfCH7ZW9OoRvCg6dYZT5BZyu/sFlQ2Xiff/EfWa4eldncjQ2seN1a9vOKkco+m5pYaPuKOk/3MVPFjLX3HVfBWoIfjVc/aWBJHgYJsnaQdWcj3Bu4XOgsI4Y3Rfwr6CINi0RTesX9xWZh/CLse64HfGlliXRnKakXoOLnMgDkcNSLjuFog5BYlv2hlLHIEa44c50X/AJS1bJU1aTM2985bsbQDuFvCIOR2z8r1wdTamvVpWW9+jdCmsCSu0y7YXagVQrE3W6n+EkfSZN35P0qhz5mGbUjMdDxmR/05f8w9onKXfSA1KhBm5qcJo6XmSOGZ+zJ0raSZDcwZFsJ6lS0LJt2w9RaS+00gwfSeGpEeWPGWQyi02xb82DK9hIcS9wJ22aO2AQ1buBG4QZYmp0+feM0rWEq0Ri7bHuPfLhaKj4nHgKbX82nnKdtKbdR9BBNqVCaeF6LHxBUTflY/2NI/5qv9okto0t1F/wAUVnaOM4DjAEOs8c3M9YWmhLBCT7ZGWGeG0qusSYdzCqTmSaJxkXDYtTOtanxemSB0lCCR4E+EzZT3NEbrgt1XPOHnBOT7la1M9LAHsbQ+sloj2YZvlohQeguWAP8AQIIrBs4n4sD2wSyrU+dqgt1Brj1ihKusb7RU/s1I8M72/wA7oinJGblbss2AbMIPtVLazXZNTST7WN1kbqdFVmJWXfWFYapaAutyZtSBmiSwJJvrR0zkS1wx6GUdxu30k3KXB3K1Ba6kZtbHKbqD4xTyJxNg68cyH8y/US61sOrKwI3gL3DMfWMl2ikU43hMrGGq5XU9OnkY7bnll4Gmy9V9Db0iLH4Wy5gRvGnfb1li2JRBTU3zb7+RHXp5xo5Y7xE5pXpjOD0EiNVeyoOi5+kT7ZDJWqKRbK7DwY2h2HzOjMNAALDiRfUjvMRJrDOjpF1pN9mvWo9BEu0ktTqtc+4e67Le3dDKCsEVBclV49HTB9thQlUD/ZJ77raM9AksMl5M1h7EfhMWcn8QPb4pRwAb+Wqp+sC5L7SAVkJ90HwIgHJjE5q+Ly73o1WXrKMrKPKBaQlqkzq9GpoJkCwNfPTRwdGUEd4mSnYfqcWqprpJkaE4lAIrq1NZCuxl5caC3ea098GpkmEJOaolFUw1d08YSCnVhF9JOhpbweO2lppe8myXnlWlbWBDtvqRJvmO2nfPacx1lExI4yNMa98Hh24pVZD/ABc4ekJ5UC+GpHrXzQwLDDPha6cUZKy9gOV/KMdtDNhE/hPqJzybKuD/AJX9FEfSYTmhT0bma+zyyyeDLGVxomw6aQmknOEFpVOEYYNNbyUsCRzKhlQqZCG+Tnfyi/0kuKzOj2+anSv13zD/AJQYNqBa97adILKCB4xztipkp0UVCFLhybW1Qspv188SsIPo2bW1GNBm29jkYRCNSmXMOHRmAlOfCWFzOq4QipTKncwKn6Tn+0KOVmU/CSPCJyKnaFcewNs3Q2hG0RdTAMNUIeNWpZ7KCupIuSABYBiW6AAQbzO0+2ARZU30MnoLMxOHKuQ2nHtHAjpB6ZqHCyzdiTkP9i4n2dQMdx0PZvB7iAZ01KwIv1j0v9ZxmnirzqOGrhcOh+5fxH940LSdj8OVQDtFrobdF/A3PpLHscjKtuhfrK2qW5r7m1B7dbGMuTVQgFCdxIH8LfoY0cMrJXFlN5dUv9U4+Yqe7KBJMQQlMgfLlHZYSfltT/1t+BRD5sPpAMY2Y24Aj1hkGGkXjY68w9VlBPHKoB8wZWduVOZidfkpjsvmb1HhLRskj2Fx0t+Yynco+Itvd27bAAQS+RJ/SymM7IxK8QVPYRYw/ktWNLEo/AHK3WrDKfXyg9dNe2Ntj4EsyqBzmIUdpM5OkQghq+PrYctRS4VGYLp8JYlfIiZL1V2ZSclmpgk8ekDQcegCZD0fyaLOPY+rzbxG9TWNcQ1xaIqwIaJxrFGCUrHWGElqaXgmDfdJ67QSWRm8ESVYZRqcIsWEo2oglHAM0NaNS0zEVRaCkyB3MRROlJ1ROj2nq1QTaLnczzCOc0frg63RaNin7UKfddWQ9jDTzAjLFJ/ohf4CAe0EiJsFUyujdDKfAiWZ6WbB4gfK7nwN/rAkbOJ3Boo9Mb4NjIVSMgxNMnXhGi8mOIPhRrG9M2EV0TYwtsRpOeWPxJdrJ6e0QlS5toDa4vzrWFuv9Y92hjQ6ooLWtopa4Ui17DvlQAzNfo+kbURZwD94/klrqDo1KpKy/wDJ3GXQDiLeI09Iq5WUgta/B1Dd+4wTYFV87ZTutp4yLlrXfNSLKVGVl7wQZKWYgk6Vio2zaRjgKmR2Y315otoSSqqQNNTrbvifDVOmP9l4NmIe2axDrqLAqwOgvpuAPVeLwpW22Tg7eBltfH4VHVK9POSLlTkzoSNzOALN9zcL7xKltbYgPPwz50O5W5rC/C97E8OEL5cbSvUBeiiuAcyi1muTbcdDa2t9b8Io2TtSmDzGKX3o1yjdh3qeu4mhq/JNM6ot1IDp0nQlXUqw3hgQfAy0YblDnfD0rHLdFcnid2g6IXiUGJoi9g6i6NcEW/EN6nr3SkV2ZKguLMjbjwIMksumCpcbxo7Tj6AdCu6wNrcOIIiTY1dqWUuSQSLtx10vaM8BjRVpK67nS/fb/uA4BMxQDgB4nT6xms2aUwbljTzFKw3fuz3gMvdqfGVt6tiEbRja2m8HcRLXyjW9JuARgtraWyplPkZX3pq5psw1S5B7t3jac6DEteAxGWmUGtzcAfe1gG3cDzL9BzdzaHzEeeyUZNALKF8v1vBtupzCehH8AAYJLLQr0UGtRF5ZthIKSo59+oSlMfKg99+22g7ZWDV4yyVXtisOPhNBCt/wMT53iRZGLTZfqLc0dQA8BaZIaSiw3+MyaKGo4Rh3zQbGUdbz3A74wxVG6zO/GRjUXQBhd0nrGRYdLQmoukMtjOOAFDqYUg0EgVdTCh7sDB6CRuE1dJ4jTypUirYt2iAoLzajT1gdSrrCsNUuZX0Ui8UMcPiCjK671IIuLi4PQZbExLDD1dLioS3c63NvPwlLdpbMC+eibkDmqARTDXupFj4WuJ0aqmW4ZPKRTadSxtGBUZYkxJs7cOcdOjWH0XJWI1RnvqwXEb9ILUY8ITVU3m6YUnW0ZMEW28HuyaJclT8p9I6aiUJJ6x6fpN+TmFs4vxjrbtADLYb4r5MNG3jaUK9gXJKuPblTxF/CWDlhhfaYfPbVLMPQyqbM5ldG6TaXuqQ1Jgdb6W740cxoCVqjm2QiW7kooKVLkiy92pNx/mu+V7EoFJHQSIVydz5auU6FST1+8R5SUItp2JxKpCnlkuZ242sPACVjA07mW7bFHPmPWfG8SYTC5THjJKLRLkfkw7B1DTIIJF99ja/0jvEbOo4lA5ORrWWqo0uumWonV0+dohc3Noy2NiQjnXfbMp1VhpZrdI+s7s6K8L7KmWHkzSqYdDRq2sDmR1N0ZTvsfoemNtjJZyvytp2XNomwaFX+xcANr7GpzqZJ4I+9bx/gagz3ZSjjQqdxt8p6deMMZe3o0dcUabUBKVQRzSSAesBiPSU3CVCewMq+J19Jbdt1wtFhfUNu6SVIPrKlgkJRbD481+m2lh3XjtWjlgv9Y2VD2RbyhxI9jUN/hyDrZyNPAGS7YrEUEye82VV7TEvKgP7KnSVSSGJYniQALnvJ8IH7Fm6iVCvVsJ0PYWEOIwVCqbGombI1rHKjFAl+gi4lBfZznTLv6xOrcj6OTCJT4pv7SAzeZM7ijtMzQtZI8NtVSo54HURqO2ZF+N2MTUYqBYkndxOp87zJ3aRs8Tk2HNjGa1QRE9MmbCsRxiyVmNNdRmUEhrbpFRxN5s73ECQjlaoGVtZO76QZVJMmZdNYWTeCSk80qvMoPMrrBWREQMl5Nh6ZBktBOmEIglG8FbaIal7bpdeRmIvRyEagle/W3rK3So3jzk+mR2HAgH6fSKn6L/4+ym7cTLXqD77eBNx6zfAPcWjDlZgMldgN1lPkB9IuwKEGGSuInLHyC2paw1EFhIFmK0g2wxVKx9sNB7Qf5xEN5S6ZO+L+T7c8f5xEZ8oRfL/nTFsZS8qEAW8tvJ+izIGdr8QOi3GVmkABLRsCpzAO31lOF5KR2VPlmMmIa25gG7+MbcmsNak5toUtpv0zbvEQP/yDRu6NxsQZYNh0stGoDawGh+6Rrfo1B8o0nVncaqTKxikGZx95vU3it0AvGldwXe27M3qYqrvrIRTcmZp5kyP2XGA4l2Qhl3g/9g9UY+1EExFjKRecjX1RYMDi0qoBrZtBc+6fiS48u7qlx2GKTIquzM1uazG5VhvUneeHd3zk2zcSUqhPgchT1H4WHWDLfhsUyBrG7c23Rf4GBHC/qeEdeD/hmqMv1I37LftPZhq0mpM1m94MNRfcCekEeoi9NnZUKLoyWyjsGvjcxlgsUHRXsRpZlGp10uvVN2NgAdQfdf5h8rdcKl6HE1BzUdUb4MunXcazOVyZCrA6HMD1H3vrN9ggGtUJFjnAPnw4T3lgodaifKFfwbKfIwpWgSwynVcW1uaRfpHDtnReRmIzIdbhlR+/LlcfzKZQtm4L2rpSX4j4AasfAGXXAUhh6lMAjIQVItYXJ0NuA3DvlYPBJ5/I6rnnGeyqbU5XUEquha5U2Nr77C47t3dPIlobx+TmDCxg9cwupqZHUpboEZdOiKiDDUEjCWmyPAycsMkVRIMW9hpJAYJjN0EVkVuyPCVrtaOGQEXlfwA50sDaJKTQ0Y4s19paRLidYM95GWgisFW+yHmGrR3sl7v3en/cq2GbS8ecmMRmxATpU+VjFa9h4F15ExhympZqgJ+Ufr9YlZMstHKajlyt127yP7SrVNZNvNB55VNoHaraZhqupkVZZ5hkN7w1aJwtll2C32o7PqI15TPlCHrt6xHyff7YDqPqI15XHmIfvf8A6kazQb80JxWjTYm0gjBWOh3StpWhOCcGol92aPBNMtGVSLrygwq1cOzkc5GVlP3TzSIZgqQ9g4v7wy2F/kB3jdMcA4dx930heE0oG+mo/MBfylOTa+xX2znldue4+83rFmLQ74VUf7R/xt+YzK40kFiRhb8mKHewnqKbTTEvGeAS4EvVIpCPZ5FT7OZjLDsrCutMEnRTYX3kcR2frDFoqI1ooBlXpFu8gzl5KjRCPV2grk9i7hVJ6cp6zvB6b23RouKR1YfCCVYcUYG2YdXQZWXGSxXcbN2dd+B/tGNDE5nV9EZ1ysNCA66K3QVYbx03kqdNPaLutheDutcq55/M53BxqEcdo0PWIJtR864qoDcBGpr15NWI72t/DJNqVxZcylGU2DC5XUjMjD3lBtcHgRIsSi/s2VDeyVQeF7rmDd9r+UvBxcU0yU0xPyGzGuzD4UbuJIt9Zdcbh86rcagEbuOUWt38ZUf/ABtSDPiCSbhUAHAgk3uO4S84gWvfcFJ8LaR4k2fPteqWZma5ZmZidNSxJ+syOcJsrOgf5rnzMyNgTowSkDNqrWIklBecBJMVRkrySuyWnSDLF1ZSrWhOFxFhaRYhS2sL2LNYMomD4/dN0Np5UTNClRNLNEGzU1jitugdDDZd0JXUWnSya+tRoGAkVRLnSbubSXDHMRO0rEi1VE1JLCxhHJiplxlPrYr4qRPMauVbiKNm4vJiKbdDof6heJHyTKRaTR1blvT/ANKzj4Sh7iwX6zntKvpOn8oEz4KsB/tsR2qLj0nIEeKqkrB/kLs0w9zeEpTAEHwygwl4LrBnjJxCdhN/qAOo/SPeWP7hT98fWVrYb/6lexvSWPlpc4b+JPzD9YrXkvwGL8kyqIml5qauUg9BvMp1ebB6bZntKNZLTdPB0XAY5XoEX3i3iR+ssdJPsNd2n55zXYl1qotzZiNOzX6TpzNall1FlBv8Opa4B6RbzEDdl07SONmp9o/42/MYZU1WK8/Pb8R9TGKtdZOSzZ5+2KXQlo42cCBYwFRzowoG0o3g18cayNKBuw7Y5wpDVVvawPHwlcSvaxh+ysTmqC26xPfcRoOi20N6NK9RqZ3Xup6NT6Hyg+Iw5UlSLW8v7fSTYl8lVH6Tr3xltlFKI/H3T2bwe4xZxtWtoonT+4sxde6lCLnKNeDgD3SeDDh0wTZ+OB+yYXBzDjezDp6Re3fJ0wuaoj2HNupHU3GabU2cq10Smb3DPlbhYAtqBre3GLBLa9/2c/hgvJjErg8WyVGGSqtlf4d91v0byDLfyk2mlPCYipmHNpsBY/G4yoPEiVWhiKGJCU3ysWfLkqZsyXB5y1Ab20433iVXlns7EYZMgL/s7MVKupzKysCBmtZkul1YW3kG19dXGsZM0sXQz2ZiglKmvQq+Yv8AWZAMBRz00Y31UeQt9JkWkUA3SxE0xFST4nfBn1EkneTC3TAC+sb4GzCLHw81w9VkbWNJWsBV7Ydj6FjcQSm9obVxAYReN86LfXINSGNOqGGknKDfBMANTD6qWEEnmjU3aFGNOptI8DV53fJcSkjwFLWPfiZnhjjG6pK+2FN83HfLLk0tI6tNQJGE6wBydHSsHUz0Op0/MP7zkNdMuh4aeE6hyZq5sOnULeGn0nNuUXMq1F6HbzNx6xeH6qLOVoho4u1owo1c0rC1CTHmBluSNKyEraGeyltiEPWfQy0cqRfDntX8yys4A/bJ2/Qy0cpf/jN3HzEjuS/AsGUDEvYSPZj86eVjfSTbMw51mmSqJandlh2I18TTH4j/AEmdSqEmjrwt2Hm3uOjfOY8msORiUJ6G9J1DGaUr/dP5RILTNK0jgbNzj2mNMM91iao1mjDA1IZrBg9ktQcZPSbSQ4jdMw1SDcTZxvxCa7EWhGyMVaqt9x08d3nBq7C0XPWsdDrOidKfVnQtqLmNMD4t/ZCs5DBGN8o074k5PY84hxm+BVHfqSZmP2mBiHsdygd++WfyWjK0MUqKHKDhrb7vV1qfKN8Jg8yVWBBqNmGY+8qkc0KejfrKFVxTq4qA6j/LS27Lx5GVxcBgLL1EXK/Udkz5hK/THxJV7RWuS9PLilB32YD8S2I/KZ0/GYaniaRp1lDJUXVT5EHgwPEbjacux7GniWdPhfOvDQ6287TpOzMUGXTcQHXsbUjx9Y3drRHriirvybamcioSq6KQNCvw99rX67zJec0yd+og5OHV00gRMyZDDRiZsrDjNa9MGZMjFf2i+rdeyYjz2ZKLRF7J8LiLNLAOcsyZJT2jTHQsxFHWe4RLGZMnPRDl2EYnFgCI8RtC5mTI3FFAWjo/ITEZqFuhiPr9ZTOXqZcS/wB4K3lb/jMmSfF/tf5HWhBgkvaPMMbCeTJfkB+0O2e96idstvKE3wr/AIL+X9pkyZ39RJbOZJXJaWXY1PpmTJfm+g1x0WzZVMCsh6j6S5bWFqDHoRj/AEmezJHhynfwUfo4XicPfWQYd8pmTI60Ygqs9xMwwnsyKtFuMzE1YvL3MyZGiJP6g/Z+1Ww5dl3lCB0BuBPnBcBjGLXY3LG5J6ZkyXSVFuOTHdSrcS97Lwa1cJTZbZ1WwPEgH3b9uo65kyScU1ksvqFGMw2cXtZ10PC4/wA8DePdjvkVddBbT18b+QmTJmRWRYM3RumTJkUQ/9k="
5,Blueberry : Healthy,"Blueberries Are Low in Calories But High in Nutrients. ...
Blueberries are the King of Antioxidant Foods. ...
Blueberries Reduce DNA Damage, Which May Help Protect Against Aging and Cancer. ...
Blueberries Protect Cholesterol in Your Blood From Becoming Damaged. ...
pady May Lower Blood Pressure.","Deep, low pH mulch like peat moss, pine needles or well aged sawdust conserves water and minimizes soil water fluctuations. Water blueberry plants during the day. Keep the soil moist but not soggy. Give them at least 1"" per week during growing season and up to 4"" per week during fruit ripening.The blueberry is a shallow-rooted plant. Therefore, it requires a soil that holds moisture, but also drains well and doesn’t stay wet. Don’t plant blueberries in sites that have heavy, clayey soils that stay wet.",https://image.shutterstock.com/image-photo/blueberry-leaf-collection-isolated-on-260nw-308491814.jpg
6,Cherry : Powdery Mildew,"Initial symptoms, often occurring 7 to 10 days after the onset of the first irrigation, are light roughly-circular, powdery looking patches on young, susceptible leaves (newly unfolded, and light green expanding leaves). Older leaves develop an age-related (ontogenic) resistance to powdery mildew and are naturally more resistant to infection than younger leaves. Look for early leaf infections on root suckers, the interior of the canopy or the crotch of the tree where humidity is high. In contrast to other fungi, powdery mildews do not need free water to germinate but germination and fungal growth are favored by high humidity. The disease is more likely to initiate on the undersides (abaxial) of leaves but will occur on both sides at later stages. As the season progresses and infection is spread by wind, leaves may become distorted, curling upward. Severe infections may cause leaves to pucker and twist. Newly developed leaves on new shoots become progressively smaller, are often pale and may be distorted.","Disinfect the cutting edges, then prune out and discard the diseased portions of the plant immediately. At the same time, apply fungicides to protect the remaining leaves on the fruit tree. You'll need to repeat the fungicide applications according to label instructions to protect the trees over the entire season.",http://treefruit.wsu.edu/wp-content/uploads/2017/05/Fig1.png
7,Cherry : Healthy,"There is no difference in care between sour and sweet cherries.
Apply mulch to retain moisture.
Drape netting over trees to protect the fruit from birds.
Water routinely in dry areas.
Thinning the fruit is not necessary for cherry trees, as they typically thin naturally in early summer.","Packed with nutrients.
Rich in antioxidants and anti-inflammatory compounds.
Can boost exercise recovery.
May benefit heart health.
May improve symptoms of arthritis and gout.
May improve sleep quality.
Easy to add to your diet.",https://previews.123rf.com/images/annafrby/annafrby1907/annafrby190700078/127086189-cherry-on-branch-with-green-leaf-healthy-food-fresh-fruit-two-ripe-berries-of-a-cherry-on-a-branch-l.jpg
8,PADDY:SHEATH BLIGHT,Rice sheath blight is one of the most economically significant rice diseases worldwide. This disease causes significant grain yield and quality losses. Yield losses of up to 50% have been reported under most conducive environments. ,"Irrigate deeply, but infrequently.
Avoid using post-emergent weed killers on the lawn while the disease is active.
Avoid medium to high nitrogen fertilizer levels.
Improve air circulation and light level on lawn.
Mow at the proper height and only mow when the grass is dry.",https://upload.wikimedia.org/wikipedia/commons/1/15/RiceSheathArk.jpg
9,Corn : Common Rust,"Although a few rust pustules can always be found in corn fields throughout the growing season, symptoms generally do not appear until after tasseling. These can be easily recognized and distinguished from other diseases by the development of dark, reddish-brown pustules (uredinia) scattered over both the upper and lower surfaces of the corn leaves. These pustules may appear on any above ground part of the plant, but are most abundant on the leaves. Pustules appear oval to elongate in shape, are generally small, less than 1/4 inch long, and are surrounded by the leaf epidermal layer, where it has broken through. ","To reduce the incidence of corn rust, plant only corn that has resistance to the fungus. Resistance is either in the form of race-specific resistance or partial rust resistance. In either case, no sweet corn is completely resistant. If the corn begins to show symptoms of infection, immediately spray with a fungicide.",https://ohioline.osu.edu/sites/ohioline/files/imce/Plant_Pathology/PLNTPTH-CER-02_Figure_1.png
10,PADDY:Leaf Blast,"Northern corn leaf blight (NCLB) is caused by the fungus Setosphaeria turcica. Symptoms usually appear first on the lower leaves. Leaf lesions are long (1 to 6 inches) and elliptical, gray-green at first but then turn pale gray or tan. Under moist conditions, dark gray spores are produced, usually on the lower leaf surface, which give lesions a ""dirty"" gray appearance. Entire leaves on severely blighted plants can die, so individual lesions are not visible. Lesions may occur on the outer husk of ears, but the kernels are not infected. On hybrids that contain an Ht gene for resistance to the fungus, lesions are smaller, chlorotic, and may develop into linear streaks. These lesions rarely produce spores.","Fungicide applications reduced Northern Corn Leaf Blight damage and protected yield. Fungicide value was higher in reducing yield in susceptible corn hybrids. Fungicide were most effective if they were applied at disease onset. Disease onset varied in growth stages, and so the best stage to apply fungicides.",https://encrypted-tbn0.gstatic.com/images?q=tbn:ANd9GcSRAn4U4r12aH_1ZgoHydAONbbBLSiS0YaZKA&usqp=CAU
11,PADDDY:HEALTHY,"Corn plants prefer daytime temperatures of 75 to 80 degrees F and 65 to 70 degrees F during the night. The soil should be kept consistently moist, but not soggy and they only need fertilizer every 6 months. Although dracaena can take low light conditions, they do best when placed in bright but indirect light.It’s just natural for a plant to produce a few yellow leaves, its nothing to get alarmed about.However if it produces a lot of yellow leaves all at once, say five or six, you may be over-watering or the plant may be suffering from a lack of light.","Corn has several health benefits. Because of the high fiber content, it can aid with digestion. It also contains valuable B vitamins, which are important to your overall health. Corn also provides our bodies with essential minerals such as zinc, magnesium, copper, iron and manganese.",https://pixahive.com/wp-content/uploads/2021/01/Rice-plant-leaf-275421-pixahive.jpg
12,Grape : Black Rot,"Grape black rot is a fungal disease caused by an ascomycetous fungus, Guignardia bidwellii, that attacks grape vines during hot and humid weather. “Grape black rot originated in eastern North America, but now occurs in portions of Europe, South America, and Asia. It can cause complete crop loss in warm, humid climates, but is virtually unknown in regions with arid summers.” The name comes from the black fringe that borders growing brown patches on the leaves. The disease also attacks other parts of the plant, “all green parts of the vine: the shoots, leaf and fruit stems, tendrils, and fruit. The most damaging effect is to the fruit”",Mancozeb is available as BONIDE MANCOZEB FLOWABLE fungicide. It contains 37% Mancozeb and should be very effective for controlling black rot. Nova (myclobutanil) is available in IMMUNOX FUNGICIDE. It is 1.55 % myclobutanil and should be effective for controlling black rot.,https://upload.wikimedia.org/wikipedia/commons/thumb/c/cb/Guignardia_bidwellii_08.jpg/330px-Guignardia_bidwellii_08.jpg
13,Grape : Esca | Black Measles,"Grapevine measles, also called esca, black measles or Spanish measles, has long plagued grape growers with its cryptic expression of symptoms and, for a long time, a lack of identifiable causal organism(s). The name ‘measles’ refers to the superficial spots found on the fruit (Fig. 1). During the season, the spots may coalesce over the skin surface, making berries black in appearance. Spotting can develop anytime between fruit set and a few days prior to harvest. Berries affected at fruit set tend not to mature and will shrivel and dry up. In addition to spotting, fruit affected later in the season will also have an acrid taste.Leaf symptoms are characterized by a ‘tiger stripe’ pattern (Fig 2-bottom leaf) when infections are severe from year to year. Mild infections can produce leaf symptoms (Fig. 2-upper leaf) that can be confused with other diseases or nutritional deficiencies. White cultivars will display areas of chlorosis followed by necrosis, while red cultivars are characterized by red areas followed by necrosis. Early spring symptoms include shoot tip dieback, leaf discoloration and complete defoliation in severe cases.","Till date there is no effective method to control this disease. Remove the infected berries, leaves and trunk and destroy them. Protect the prune wounds to minimize fungal infection using wound sealant (5% boric acid in acrylic paint) or essential oil or suitable fungicides.",https://www.researchgate.net/profile/Laura-Mugnai/publication/43161073/figure/fig1/AS:340404659605512@1458170203496/Symptoms-associated-with-esca-of-grapevine-chlorosis-and-necrosis-on-the-leaves-showing_Q320.jpg
14,Grape : Leaf Blight | Isariopsis Leaf Spot,"The fungus is an obligate pathogen which can attack all green parts of the vine.
Symptoms of this disease are frequently confused with those of powdery mildew. Infected leaves develop pale yellow-green lesions which gradually turn brown. Severely infected leaves often drop prematurely.Infected petioles, tendrils, and shoots often curl, develop a shepherd's crook, and eventually turn brown and die.
Young berries are highly susceptible to infection and are often covered with white fruiting structures of the fungus. Infected older berries of white cultivars may turn dull gray-green, whereas those of black cultivars turn pinkish red.","Apply dormant sprays to reduce inoculum levels.
Cut it out. 
Open up that canopy.
Don't let down your defenses.
Scout early, scout often.
Use protectant and systemic fungicides.
Consider fungicide resistance.
Watch the weather.",https://www.goodfruit.com/wp-content/uploads/Black-rot-lesions-on-leaves-indicate-potential-for-fruit-infection-1-feat2.jpg
15,Grape : Healthy,Apply water only to the root zone. Avoid getting grape foliage wet as this can encourage many grape diseases. Reduce watering young vines in the fall to encourage the plant to harden-off its canes to prepare for winter. Older vines seldom need any watering unless on sandy or other very well drained soils.,"Packed With Nutrients, Especially Vitamins C and K.
High Antioxidant Contents May Prevent Chronic Diseases.
Plant Compounds May Protect Against Certain Types of Cancer. 
Beneficial for Heart Health in Various Impressive Ways.
May Decrease Blood Sugar Levels and Protect Against Diabetes.",https://images.indianexpress.com/2021/02/grapes-1200.jpg
16,Orange : Haunglongbing | Citrus Greening,"Citrus greening disease is a disease of citrus caused by a vector-transmitted pathogen. HLB is distinguished by the common symptoms of yellowing of the veins and adjacent tissues; followed by splotchy mottling of the entire leaf, premature defoliation, dieback of twigs, decay of feeder rootlets and lateral roots, and decline in vigor, ultimately followed by the death of the entire plant. Affected trees have stunted growth, bear multiple off-season flowers (most of which fall off), and produce small, irregularly shaped fruit with a thick, pale peel that remains green at the bottom and tastes very bitter. Common symptoms can often be mistaken for nutrient deficiencies; however, the distinguishing factor between nutrient deficiencies is the pattern of symmetry. Nutrient deficiencies tend to be symmetrical along the leaf vein margin, while HLB has an asymmetrical yellowing around the vein. The most noticeable symptom of HLB is greening and stunting of the fruit, especially after ripening","The only way to prevent the spread of Citrus Greening Disease is to control ACP(Asian Citrus Psyllid). Since citrus is such a popular and widely-planted garden tree, homeowners are on the front lines of this important battle.Spray the lemon tree with Neem oil insecticide, both the top and undersides of the foliage. You may need to repeat in 10-14 days, depending upon the extent of the infestation. Follow up by treating the mold growth with liquid copper fungicide.",https://www.universityofcalifornia.edu/sites/default/files/CitrusGreening.jpg
17,PADDY:NARROW BROWN LEAF SPOT,"Bacterial spot is an important disease of peaches, nectarines, apricots, and plums caused by Xanthomonas campestris pv. pruni. Symptoms of this disease include fruit spots, leaf spots, and twig cankers. Fruit symptoms include pitting, cracking, gumming, and watersoaked tissue, which can make the fruit more susceptible to brown rot, rhizopus, and other fungal infections. Severe leaf spot infections can cause early defoliation. Severe defoliation can result in reduced fruit size, and sunburn and cracking of fruit. Early defoliated trees are reduced in vigor and winter hardiness.","Fruit symptoms of bacterial spot may be confused with peach scab, caused by the fungus Cladosporium carpophyllium, however scab spots are more circular, have a dark brown/greenish, fuzzy appearance, and do not pit the fruit surface, although skin cracking can occur. Scab does not cause leaf symptoms but can cause spots on twigs. Initial fruit spots of bacterial spot may be superficial but develop into craters.","data:image/jpeg;base64,/9j/4AAQSkZJRgABAQAAAQABAAD/2wCEAAoHCBUWFRgVFRUYGBgYGBkcGBgYGBgYGhgaGhgaHBwYGBocIS4lHB4rIxkYJzgmKy8xNTU1GiQ7QDs0Py40NTEBDAwMEA8QHxISHjQrISw0OjU0NDQ0NDQ0NDQ1PTQ0NDQ0NDQ0NDQ0NDQ0NDQ0NDQ0NDQ0NDQ0NDQ0NDQ0NDQ0NP/AABEIALgBEwMBIgACEQEDEQH/xAAbAAACAgMBAAAAAAAAAAAAAAADBAIFAAEGB//EAEgQAAIBAgMBDQIMBQMDBQEAAAECAAMRBBIhUQUGEyIxQWFxgZGhscEy0RQjQlJicoKSorLC4QckU9LwM2PxFXPiZIOTo7ND/8QAGQEAAwEBAQAAAAAAAAAAAAAAAQIDBAAF/8QAKhEAAgIBAwMDBAIDAAAAAAAAAAECEQMSIUExUWEiMnEEEyOBofAzQrH/2gAMAwEAAhEDEQA/APMqKSwopF8OksKazJORujGkERIyiyFMQ6iRbHMtN2mi00DAcSEb3FcDE0bnThEHebesSZ7SOFe1RDsdD3MJyOPTMSMrFdjsJGpoR1CaxN87jY/mP3kL8ltnkZmntJnlTVSa8hqqWynbAVDYPbmZD4iHrEBVHPfztFa6/wCoBzpcdl/dEsNVJMKxsXH018YwOVfqjwMVrHjv1U277RfB12aoyk3GVwv2SD6xZrdmh4nKUmuBnHiyOb8gPg14vvwYAYVxyFh4iFrOXSsLWylgPugwm6QSphsOzWJzDyMpilUGn4LY7jF2MYOmGFRT8pCe9TKH+HSWfEE8yIO9j7pc4KqQ/WoHmIlvMp5WxP1qY8ah9IifoZPFvH9nUIebafKMV39PfFKLgWvtPfCu9zpz6+Ehew0k1uD3boM9CoikhmVrHqE1kyMlvkUzbsVfdHcQbg9R8oIJd1B+YfEKPWM5NrSLe1FTvjfIgPzaS+YJ8AZW71KWdc3ILopG1lOYnXq0lxu9h+EZ1PJZVI6DmvGtz9z1oqiKLca57Bb1lE6i4loSUcb7lRu1uWmJq5HuAHB4psdCo7iLjtnHb+mAxLKvIqKLDoBnoi0/jz0Ed5JPpPON9XHxzjmNRF7OKPUx8NuVPoTcm40dxXGlVdlMjr0t6SOP15+XMO8j3SWNPGfb8WuvS5084GubanmVie86eEmuoqPHKlTjHrPnDUnletyx6z5yywyCelJUiaQ1TUmPUEi1OOUJCSGSGkEMqyNMQyiJQSNpkLlmo9BOIwyx5FimHEdSXkzUgiCTLWkRIVTpEOML3MkHigeSDw0cGd5tNuyCGsOggZx6jicO9R6mQ8qo46iqH1iqHRT1+kt97+VlV/lHDUPy2N/uCVLrqQdLOR1aH3SeeGlKXcw5o7LvZmIUZgRzqPAmYfbH0lYd4/eRrMCVINxY2PUf3mZ7FCdvpb0mZEeRWkxOt73oA91pLBhVqoeTMagHXoY8uGHBKy8qrVRuwkDylKofh1N+KH0+1TvHkqb+DfF+pvui2FrVlH+ZkGsr8NTfg0Lez8WR1nljeHB4WqL3uiH8w9JHDOThkGwJ+ZRIuVdCUsjimu6ROg/xidIPgw98lvcoWq4k20U6HmuWb3eMii8dOjP5rHzjUw9Cq7HKDVc3PSyqB3xo3pdcgwK9iu3ec5qShyts72vYMVBOu2dDgjfKduW3lOW3VpPWNF0Ngcl9uVhc+Y0nVYFNV6D5RZ1pS5NOZVFIbxB4rE7PdC01vU6l9R7pDEJdCNtvOM0/bY7B6n3REm2jOymxDXqOfpqvivvlhoSvS4Hf/wAStQ8fbmq3+7r+gSwJOanbaSewfvDe+5yFqY+MY7HsexSfWeY458+PvtxKjuqAek9Rp+0zbS7H08p5ZTP8xntyOz225bv6TR9P1bQyVneY3VyB85D3EH3xTFtxGPPlPgD7zK3exug9ZA7ggnNy6HQP7jGd3qn8tUb6Gv2lPpEUWp6X3DOKi9jydE1PWY5RhVowyYeei2mJpCUo9RiiJaO0xISOoapxlTF0MKpgRxO8yavMjnHGUI4sURYwseRqDgwFdpMmK1ngS3OB5psNAFpsGVo4eotGlMQw7RsPJSRx6bvaxZ4OnfnwrgfZqMPdFMFiuFXOR7Zv3nX80NvPXNRojS5p1F7sQx9RFMLxLqBbKCPum/pJ523FIy56VfJvCrZFF7lWYd+o8ofE6Ip2OviT75p9B3HT69RJDEv8U3Q6n8S/vMz6kcy/Iy4QAUteepUA+0A9u4ynoVBYDnujdlssco1rpy8mJp97UrEf5tidOmbBraBVBPSKii3cTHy8fBaL79hqktsSx5AaKHtFR7+YgcKn8uefK3gtUe6JboO74unQXih0IL9AYGw7x3x6nuU+GwlQs+dSXW1tV+MaxJ5xpB9iUoakN9tOK33oIo46/b/TDb6NyWr4UIluMwJvyHjkm/geyar07Mh2sw7wD6S6rNaknSPUyCk47rqhML0y3EtzcNlREOpXIL9QA9JYYXRr9Bv3EwVAc/TAY6sy0nZNXCG1tpuO+BJyaK+6RbK2bKRzsO4C8Ijasdlr9QBPrKPcnHtkwoZbtVbKebL8S7k260t2y6biq56P0x6cWhZpKVFBhaoBpi9zmqNc84s390tlqAa8tlJ8f2nFbn4xmxCpbRMMWB2lmynwUeMcxO6DtXREawUAuNONdiAPzHsEDg3KvBSOPU9/k6F3yo7fRY9hufUTgdw6GbEIPrfkadpug9sPV/7ZHhacrvaA4bMfkox8h6y2DaDYseSyw1NEzolri9h1C36oDdo5sM4PIwFxtAQ++c9uXjWbF1gTpqAOuobHZyL5Tot2dKDLsOXwp++LpcZqxsq3s4cU4dKcZFGHSjNbYKFkpwgSMCnMKRGJpIIJMGRkHeLYGFzzcU4WZO1Aso0EKEkEWHUTQzUCZIhWEtKgiVVIYnWVxaESFNITRpyhMLSMOHitOTzRWhkzud7O6fBJRflGetTt0twbDxMsw4Z3PMz1LdAYsQPETldyKZfDLb5OJPYDTTUd06jBoFcDmDLoee4W8zZXxZnzyjSXNm0Ju46EI6iwJ8bydbWlVJ5lza7Rc+k2pXKTY5shHchM06XSoNtNj4fvM3VkZytpo1gdaTnnWvhm72K+kOptTcbM34Xv6RTcareniBsGHcfZqXPmI5X0St0CsfBzKZui+A5HsgG6dIl6Lp7SioR024M27bGX+DxC19zKpbinLXDA8qkM/wC0pa7jNhz9Nx30z/bFE3PZ3xFMOyozaqrEA5qSEgjZcxsGdY01LpRbE1JJN1W43g2JcJmuoc2O3inWdHihZEtzLOd3NpJTRGY/MYH6wt6zo8eNEH0V8hM86bdFMri5XEynyd/rE8UgL01N7ZxyDS4Rzxuj9o4gsOw/4JKh7bdR9J0XpaZPkmMOoNLT2CxXoOQrcdjHvm6gISrc7SNTyZR3TSVgXUbA/ZYL75mONqNQ/RbyiOTujp3e5yW5dMLUJ52ogDsIP6pDB0RYPclnrML8tgFJt48nTD7jNdz0U7dPIlpOgoR3DXVablySNCCijTtPhLY5JN3yi2Btp+B7fDUthqhHOVXvcX9ZQb2UuztsS33mHukN2d2+ETgUQgB8xYnVrX0C201O3mljuRue9JHLgAuUsAQSApJN7dfJ0GFJwxu+RWtKdnL0qXwZnqsMzVHokc1ldn8pcbvEvQUqbXqoT0qHQMPw2lfvjszhbcirlHNdV0v98x2tbgU7bdtVz7o6/wBZPqUk9UUxNUhAs0JtnlmwtGECCaaepBF4kpE2iDtAMIwwg2Em2SkAyzJKZAAp6bQ6mJUzGVebWjS2TcxapDwTpCthLF5thC8HM4OEFg1WRKQ6pNMs6zrOg3st8TUHzaqMeplZf0zoEPG15bDw0/TOa3texXH/AGm7Fcg/mnSIdR0p5Fr/AJpkze5mPN7mMIOUfSZfEiRwZuPrIfK8iDZ7j5wJ7bN6ze5pyut72sRp9UiQEQhuIxtWF+XDObWvcrkI9ZeFbrVHOUf8SE+soNy3Cs68zJUTb87+2dBgTmOvygvjST3x8r9KLzXoiyuxNLXDVNb8KF6LNTqGWuB0r1BtNP8A/NBKpzfDUW2VKTd9N/fLLDn49jtCH8IHpItknJsS4MvSRAbHJSPJfkZJ1uNvdOpPSclTBsluYJ3LWS/lOwx4BYDZyd87ZR/ZoxP0L5YrQZje5H0bcylF0O03zTEbVz9E+d/SLfCVVgpPLp+G+m3km6QuG15vMznLwMk002Uu9LFO9WoXvo1Tl+zqNg0A7J0+65thqnSCO+Ue5FdOHdFsMqsW6Wdhbt0Mtt8Dfyrnbyd4nTVyuq2Gzu5M5zcbiu/QjDuZR6TosbSR1cCxDumY8oIut/C85vcpA7uCTY8ID9uqFHkYX/qTHhx8lG4nTkRr36LjwjwinK33Dhi2m0UGFXPiKf0qq+Li87TFAKigaDMLDrzk+InFbgG+Jpg8gJPcpt42ncYkcVNuY9wQn1jfUPoDI+DkN3sCS6AA2NQJf5oApnN4EfahMaoVF15l8WLToMTayae1WY7dBcek5nfC+VEHOAn5IIScqXYOq0l2FeGmmqSuSvDCpNDK2HZpENBM81mi0IxgtIsYHhJovEaJSJTILNNwUKUaQyxVakOjzcytjQM1kvIpDKYli2QyTCsmTIkzrFshaQYQuWbyTrOsf3tDjVl20GPaHp+hMu3uKlNtbWcHtyfvKre6vxrAfKpVF/Df0lrue7GkS9vZU9vCUyPC8lNW7BScv0HL2qkE6MiEdihTbu8Y3hgC+mvHcfjIlbukjBOFUewVW4sdGLk3H2RrD7jvq+nJVJHUxDE+JkJRpagTx3BS8CeF/wBRh/uP2Xzf3S/3Ee+S/wDt+CKvpKQ0/jnG1x0/MlxuLoQOYEeFSov6ROye0V74V4bFVH8oOjgz3KwlirfGjpRD+aIgfEOvzfSpl9YZDxqR20l8GaZ2R4CYNLkDZUqL3YkjyE6PFatcbPWUm5NP4zoFer41GMvai3fsHpOk/wDpoxew5zdbDsz0iBcB7m/MLHUdPvjtXFJTRnf2dOTpNr9Fo5UQa6c3ugGwyujKwuLjTqIIjqV0n0G1J0n0EdxcEgxFVlN86A/VKu4I77yy3yG2GI2so/EJUYKvkxwpqNGw7seW1zUueXaWMst9r/EoNtRR4xpN6lZ006t8nPbk1B8aVPsZLk8mbPUJHZaRxK5KTKNScOzsdhd3uO9/Ew29oK4qFQbPkHaodSeq6kwFWmwwmIdzqctNdfkisp5P85JohpTa+C2LaLZVb1jfEjoVj5TvsQgLJ1NbtKr6GcFvRIFV2PKAAO25/TO8zXqquxAT0cZjbymf6j3EpPcVxPKlubOfzH1nF786mUqvTr2Cdo63VTzcE3eQP3nn2/6tZ1H037hlHvjYFckgIqadfpjNOtKBa0Yp4q03SgU1F5wsg1WVoxUwVrxHE5ssRUhEaJU2jVMyckTbCzJkyIA5wQyPAQqibWGxxKsMtSJokYRZJgsNyyarBpDpA2CyarN5ZtYRREs4c3BT49BtzjvRhHEdRTs5spAB5ToEYnyie5jWqofpAd+nrCV0LIQLXDW12cIFPheBMCajkTZ0+9yilTPQfUPTuupGqNzH/wByVuDqBUuBchTfpIAb9UXXENRanUUXyEggc4OT0WQw7jO4vowLW6LkeQHdBKSeOjRjSlC+AuIP8y55tG/zuEf3GYcb6NuzjufWIYj/AF0IFs6Wt2X9RJ7jaV6+xgpGzYfHzk5K4MjX4pLsyxRRlrD6dTwqg+kEvJh/quPut+8mgs9YbS58M0AXstE7KjjvKzMzOXu42XhXzfJq6dbKjC/3zLRDd+wekpNyz/MVBtqUj/8AXS90t0exBPROe5ox+0g66nt7uLMItebvdz1HzWY40PVDQCrwFMHFuTyjDjxqD3TW/h7UqfTVHhc+k3uU5+GuttPgo12fGmw7de6J/wAR6mWjS/73o0oo+pHSb0i29+uEDMeZFbuFQRRsQzbn1M/Lwy6bA3GEXRbqATYE0lbpUsQQOnWG3Zr/ABVVeY4hQotaypT5LdZErCG2ryaMS/GB3mgB36beF/7p2D1AHc6XWj0/NPvnKb0BYO3SR4LCrugzbo16N+ItMJbaxCA26RmHfJ5IOcnXCFjFSbs6Z6dgLcwUeInlW/5/j1+qx72/aes1gQATzlfA6zx/fo18QBsQeJJlPo/eTfQ5y8wMZPLMVJ6RMJTcx2jEkSP4YSciiG6cbpxZFjCTNIUPeZIXmolBKoUJJEtGcszg5ocgEFWGRJtFhkERs6iCpCqkkqw6JFbDQFFhhJqk2UgO0mYZ7Oh2Op7mEfy2LjYW8Dn9JVupEuq3+o4+eeT6y5R/nTASzLoGC3QfWA/C3ugaeBKhbsNKRTr1vfxhaDXT7pHaR6ND31X7Q78v9si21sLjyyiqQhiAVaiSdQwv1MFI9JY4VLVzyao/TycGe3VjK7Hqwph2+Q6D7OYqB3KoloHvXUgWuHX8NO3kY8t4ujVt668MINKtTpHnSgPkH6NQnvCmHT/X1+UFH4FEABemx25D3o1/KZTIWm5Tj4Selabdyf8AjLQ089hssdNOTX0lFue/x6HbQB+6tX3CdFheU9vkYb2/ZbE2kRReMeo/mEU3UYhVAa2YgFuZb856BfwjlLlY8umnaR7opj6YYFW5NPWUg0pJseDSkmyp3r1C2JrAsGyUlQOORgKr2YdBteJ/xUe1GkB/Uv4NHt69MLXr2Gi08Ove1Qym/iu/FojaSe3WUVPNsLkd20GSmcjONCnBMdOYMrHwvFd0Hz4UVf6mJqMPq2P7ToNxaQalUvbjKo224usoN1Kg+C0kAAUVawW2miBBydbHuhxybteS0JL7aQ9vUocRfpnv47KfyyzwO4qDEYnEfLZlF9luMfBV7oPexT4tMbERu/j/AKpYYerkR2b5VU/lt6yeRu3Qqk02lyMYk8Vb/Nc/gI9Z4xvtN8U4+bZe4fvPbsSgKjS1k/My/vPEd3tcTVP02HdpLfSKnYtWVKpDpRhaaR1KU1ykFRERRhqKRrg5EJYxHKwtBaaxgLBU4dTIy6i0RyzIbLMihor7yQMiokrS9HJGXhkggsYQQMKQxTWMIkAjQweJQ1BbTVpAvM4SGjqNOI+XBdW+hTv18/jKx3llUAApt86kO9Qi371PfFa2JZ4+mxnCiyW2Kfw6+kPzfaHk49RI4Zbhx9fxzSQ9k/ZI+8o9Zml1MhHdkg4d78vnlKH1MF8PymmxGa7qunNnpuQT2IO6bx4DUmW/Krgdq/8AiYbczDLVosnygFZeg8BWC+LS2KOpUbsCSjb5QzVPxyHpTxZx+mCA+KP1E77FfWRqvxkb6FM9z1PfCsh4N7c2YfdrW9JlZkaptE8C4BRj/QYeNQfqnR4V9W7f+Zw+OxDJh0Ki7EKg+1iEB8GM7DctjkJ6PUTnFpX8miC9F+SdZytOow5QjleTlAYjl6YLFuR0kAX67GN0jZT2esr8ZqTc8p/SPfGT2oDFd7S8fFNb5VBfuox/VOb/AIrvrhx9H1nTb29PhB/9SB92knvM5D+KLXr0F+iPEiVxf5F/eBJe07XcFLU3vzMAexBec/vyVUTDootxKjnrdlv+WXG4mKLUsQDYBG1a9uVBe/VpKffcpavh6ZAHERRY30eowB652OLUnZWPRF/uIoXhLf8A8xkPRlpKNO8RvB0c1Jbi92LH7wH6Yruafi8Q45Weob9bkC3RYSx3MUmnTufaI8yT5yMn6nQOdgm6QsrfYH5jPDMab1Hba7HxM9w3Ye1N3voM5+6tvfPEsk14NrGiawyax9Ei2HWPoss2OkQKQFRJY8HBVaekB1CdOGBgwJu8DQKGc01A5pkWg0BAmyZpmg2eUo4KjQ6tEOFk0rw6QpFijyfCxNHks0FDJBmqSC1IMmRBnUdQyXlwjZqVHoVlP/yVG8gsos0usAwNBb81Vx+FNPx+MSXQlm9rLPDVCoFhe7ILbQQpb9XdMR+L1LfusfSAoI5ZbHkC6c5Je1x2KYUcjDoqDwYe+ZpKtzPKNY1LvZNUDCx+dp9yoJLe9VKZTprwenOePTS34zNYblH1k8WC/qMp3xLClkU8bhaJGwWxNIC55SOLK4H6h/pnba8FzWsQnSmnUH0H4hHKdQEVE5w1Vuz4SYviQFKDmCuPuvTi1JyauIcaKnCr1nPn90zVqtnRSlKT8MNRw+ekg5QKnlURv0zpsCvEPR/npKXcf/QU/wC63gjn3S4CngnCHVrAFdCNTeFK9hot6UhjkB65T4/EBAzk6DvPJydst6jqLKb3cMV00sgFydntCUO6NLMDrbW4OmhD81+qdGO6s6lavoQ3rY1GSqb6viapQHlIVFBnJ/xCObHU16UHiJ0W9Lc4GlRqkah655T8qpl7dBOc3xPn3WQbKiDu/wCJfGksjriw5lFRVHfYSgpwzKR7efMRoWGa2p6hKfdlc+6NFfmrS7lXPLvChkwyBjdiBrtLP+8qd1aoXdEMBqKduY8Y0WUMeoEd0THu3vscmP4HiYMuR7Vj16Ey6wCWFBTpxb9oUSqxaWwqL84gAdyy8RQHUX9imxPRrJJWwFPvqfLhn+o5+8f3nkipPTt/9XLhmG3IvfqfKeaIJrxqkNElTWPUougjCmO2VSDQbzZaQYzhqAMsE8M0C8ItA80ybyTJx2kBUqRV6ki7wD1JdRFYbNNo8UNSaNSNpO1FvTriFNYSjFaEXEGK4DakXKvN5pVriZP4XF0s6ywerL3cc5sKdfZxB/ElP+yca+JnUb16wOGqDnFZT30alvyxZRqLZPJvFlxnYWK62U37GJFu/wAY1TIJ10LMdD03Pr4wFJtQNufv4kOQGcX+SyMPuLeYZMzKeqKi+DeEN7fYP40MpcTQGRHHLwjA/ZxAcE9WWXOG0Ftg/KQfSI4qn/L1NqVKx7rtOg6Z2J0y2x3tIOir50pqqy8C6qRcPic1tpRmHhaTxhuyHaH8RT90rqZy1cQl/aDuRzXFG36vGDHKk/gpi5+Cx3Ea1MjZWq27ET+6XmDphKehPGdmN9rG/draUeAGXOP9yqe9cPLYYtFpam3B2zdHFBHhAk30KNcLwO1UbMjAjIEcEW1zHLlI5rWDX6xKHdR2CHL7WVrbL2JF+206B2GS+0ad/JOe3aUZGIvop5jb2Tz9kZatvAkkxne22TB4W4J4ik2F7lnueTpM4N2z7rMfms57lM9N3IphcPQHzaKH8N/dPM97a58fWc8wfxYLGg71S8P+RZdEj1CkoKIgNyjU1boNlbyI75y26LA4yuwFggYAdQVPMzs0pDMthbM4JOupCgX7lE4xKWd8S22qij7dUm3cknjWzoc6KorFcNTe2Y5CwW5Ay8c2J6pc5RmqNtCJ3/8AMq3pk4tNTYU+TrNr90tm5CfnVAexRf0nRW5zOG/iLiSaYG2rYdSr77zhKZnX/wARKtzTG1mbrAFvWcPUxCpqzZQeS95sjutkPHYfVoVHlQN1aPzx4+6EG61H+oPH3R/ty7MdTj3LcNBu0QG7FD+ovcfdNNuvQ/qDx90GiXZja49xwtINEv8Aq1H+oPH3Tf8A1Wh/UHj7ofty7MGuPcctMkaNZGUMG0PJyzcWmNaOfepBlpkya0SZAtIM8yZCTYN3mhVmTIwCYqzM8yZAcbDzqt5zkpUUcnCUb9GZK6es3Mk8vsYeH8HTUTyHafNb/pjOt+sA+Y/TMmTypGVG1b2+g1O7j+6ArC9Guv8AuPyc+ZAPfMmQIeHuQ5UqXTDP87L4pf8ATBqnHxJ2Kw78MvumTIv9/kMW0P4hSBpzq57WNMD8scxeEBDIp9t1zXtbKummmxefbMmR8bdI0Lg3uqSOBAa1mvb53F5Ihuj7TC5yhHuObbfwmTJbhHT6IuKb5cGr8lsOvignC/w7w2Y16pHK2h6jfztMmScPZL9EpdUepJ7adB17rCcjuXUDOyi5zYoPzWsocjXv8JkyLD2sc6JB/NnoQ+lo/UbKgPQzdt/3mTIIAPNN/wC166J8xNetj+08/wB36DFVyqW43MCebomTJuwOmgtbBt5OJOHrM75kVqeUngqzErwiMwVqToyPxNDcjlB5Y+mNoHB8AiVqVVcYlYOymoWAaoM78XlVGAyXsSpPOb5Mm3WJpRYruvRXE4iqGrFKrUna2Gb41FWotTCuGOgfMhzcmmvIIkd08N8HwaNh6rCi6GrQAqIjlRUzu5N0fMzUyLLmsHUm2W2TJ2s7ShzH7v0WbHANUNPEagcFVSpUb4PkBDoyqBnJzKykWGl72HnXwV/mN90zJkOo7SjpdyqLCkosef5P0jMmTJFvctpP/9k="
18,Peach : Healthy,"Peach trees grow in USDA Zones 5 to 8 or 9, and they’re available in dwarf or standard sizes, making them a great choice for backyard orchards.Unlike most ornamentals, peach trees need regular pruning, fertilizing, and spraying to stay healthy and productive. Keep the ground around your tree clear of grass and weeds that would compete for water and nutrients, and mulch generously.","Packed With Nutrients and Antioxidants. 
May Aid Digestion. 
May Improve Heart Health. 
May Protect Your Skin.
May Prevent Certain Types of Cancer.
May Reduce Allergy Symptoms.
Widely Available and Easy to Add to Your Diet.",https://www.tasteofhome.com/wp-content/uploads/2019/06/peaches-shutterstock_297863489-1.jpg
19,Pepper bell : Bacterial Spot,"Leaf spots that appear on the lower surface of older leaves as small, pimples and on the upper leaf surface as small water-soaked spots are a symptom of bacterial spot. This is an important pepper disease in Maryland. It also occasionally attacks tomatoes. Eventually, the spots develop gray to tan centers with darker borders. Lesions enlarge during warm, humid weather. Leaves may then turn yellow, then brown and drop. Lesions may also develop on stems. Fruits develop small, raised rough spots that do not affect eating quality. Severely infected leaves will drop resulting in sunscald of peppers. Bacterial leaf spot is spread by splashing rain and working with wet, infected plants. This disease can defoliate plants during wet weather. Hot, dry weather slows the spread of this disease. The disease can come in on seed or transplants and can overwinter in crop residue and soil.","Select resistant varieties
Purchase disease-free seed and transplants.
Treat seeds by soaking them for 2 minutes in a 10% chlorine bleach solution (1 part bleach; 9 parts water). Thoroughly rinse seeds and dry them before planting.
Mulch plants deeply with a thick organic material like newspaper covered with straw or grass clippings.
Avoid overhead watering.
Remove and discard badly infected plant parts and all debris at the end of the season.
Spray every 10-14 days with fixed copper (organic fungicide) to slow down the spread of infection.
Rotate peppers to a different location if infections are severe and cover the soil with black plastic mulch or black landscape fabric prior to planting.",https://extension.umd.edu/sites/default/files/_images/programs/grow_it_eat_it/diseases/BacterialLeafSpot/bacterial_leaf_spot_pepper_plant_l.jpg
20,Pepper bell : Healthy,"Keep bell peppers well-watered, but never leave soil soggy. Water to moisten soil about 6 inches deep, then let it dry slightly. Watering is especially important during fruit set, when tiny peppers take the place of blossoms, and as the bells mature. Consistent moisture helps keep peppers firm and healthy.","Red, Orange, and Yellow Bell Peppers are full of great health benefits—they're packed with vitamins and low in calories! They are an excellent source of vitamin A, vitamin C, and potassium. Bell Peppers also contain a healthy dose of fiber, folate, and iron.",https://www.healthbenefitstimes.com/9/gallery/bell-peppers/Bell-pepper-leaves.jpg
21,Potato : Early Blight,"In most production areas, early blight occurs annually to some degree. The severity of early blight is dependent upon the frequency of foliar wetness from rain, dew, or irrigation; the nutritional status of the foliage; and cultivar susceptibility.The first symptoms of early blight appear as small, circular or irregular, dark-brown to black spots on the older (lower) leaves. These spots enlarge up to 3/8 inch in diameter and gradually may become angular-shaped.Initial lesions on young, fully expanded leaves may be confused with brown spot lesions. These first lesions appear about two to three days after infection, with further sporulation on the surface of these lesions occurring three to five days later.",Treatment of early blight includes prevention by planting potato varieties that are resistant to the disease; late maturing are more resistant than early maturing varieties. Avoid overhead irrigation and allow for sufficient aeration between plants to allow the foliage to dry as quickly as possible.,https://www.ag.ndsu.edu/publications/crops/early-blight-in-potato/figure-1-opt.jpeg/@@images/468990cc-77a9-4e29-8779-0eb3e94e0407.jpeg
22,Potato : Late Blight,"The primary host is potato, but P. infestans also can infect other solanaceous plants, including tomatoes, petunias and hairy nightshade, that can act as source of inoculum to potato.The first symptoms of late blight in the field are small, light to dark green, circular to irregular-shaped water-soaked spots. These lesions usually appear first on the lower leaves. Lesions often begin to develop near the leaf tips or edges, where dew is retained the longest.During cool, moist weather, these lesions expand rapidly into large, dark brown or black lesions, often appearing greasy. Leaf lesions also frequently are surrounded by a yellow chlorotic halo",The severe late blight can be effectively managed with prophylactic spray of mancozeb at 0.25% followed by cymoxanil+mancozeb or dimethomorph+mancozeb at 0.3% at the onset of disease and one more spray of mancozeb at 0.25% seven days after application of systemic fungicides in West Bengal ,https://www.ag.ndsu.edu/publications/crops/late-blight-in-potato/figure-2-opt.jpeg/@@images/dfe1e0b4-08d4-404a-8e66-474de72b1e91.jpeg
23,Potato : Healthy,"Many potatoes need consistent moisture levels to develop, so water regularly on a daily basis when tubers establish. When you the water the potato plants it should reach to the ground level of about 8-10 inches. During hot or warm seasons water the potato plants in huge amounts twice a day as the soil gets dry quickly.","Packed With Nutrients. Share on Pinterest.
Contain Antioxidants. Potatoes are rich in compounds like flavonoids, carotenoids and phenolic acids (4).
May Improve Blood Sugar Control.
May Improve Digestive Health.
Naturally Gluten-Free.
Incredibly Filling.
Extremely Versatile.",https://www.garden.eco/wp-content/uploads/2018/06/can-you-eat-potato-leaves.jpg
24,PADDY:BACTRIAL LEAF BLIGHT,"Water one inch per week from spring until after harvest. Regular watering is better than infrequent deep soaking. Keep your raspberry bushes tidy by digging up any “suckers” or canes that grow well away from the rows; if you don't dig them up, they'll draw nutrients away and you'll have less berries next year.","They provide potassium, essential to heart function, and proven to lower blood pressure. The omega-3 fatty acids in raspberries can help prevent stroke and heart disease. They also contain a mineral called manganese, which is necessary for healthy bones and skin and helps regulate blood sugar.","data:image/jpeg;base64,/9j/4AAQSkZJRgABAQAAAQABAAD/2wCEAAoHCBYWFRgWFhYZGRgaGhgaHBwaGhocGhwYGBgZGRoYGR4cIS4lHB4rIRgYJjgmKy8xNTU1GiQ7QDs0Py40NTEBDAwMEA8QHhISHzQsJSs0NDQ0NDExNDQ0NDQ0NDQ0NDQ0NDQ0NDQ0NDQ0NDQ0NDQ0NDQ0NDQ0MTQ0NDQ/MTQ0NP/AABEIAMkA+wMBIgACEQEDEQH/xAAbAAACAwEBAQAAAAAAAAAAAAAEBQIDBgEHAP/EAEIQAAIAAwUEBwUGBQQCAwEAAAECAAMRBAUSITFBUWFxBiIygZGhsRNCUsHRFBVicoKSI0OisuEzU8LwFkTD4vEH/8QAGAEBAQEBAQAAAAAAAAAAAAAAAgEDAAT/xAAqEQACAgEEAgEEAAcAAAAAAAAAAQIRMQMSIUETUWEEIjLxFEJScYGRof/aAAwDAQACEQMRAD8Ayzz++CbJdNpndhGpvPVXxMbBOiTJLMyXgdQCS0tg7EDU5geANYDl2uZQFJppzP8AyFI8C01HJ51Cspi5Oijpmys53KyhfHNj4CIo8yU2FEVCNgSp2antHvMOxeVpHvA03qD3VEfJfEzaiE8iPQwmrwNKF5aM7aLTNbtkkbQDh7tIY2S85SJRJb497YSo5YST5CGbX1XJpYI4H5MIpe8ZByMnwVfkawNiWC0vZlbfeMwsSVZjvNPIQEk2a2i07o18xbI2iuh4E5fu+UVC7bOexaAp/EKeeURxfQXpN4aZn1ssw9pqeUWLZEGpLGHDXQ5FVdGArowNaefnA8ywWhP5VfyEacs/WMJaeo+w+J9oHSyM2QGERclgVMz1jAz2sr2w6fnUgd1MocdHrNLnTKzJqBFzYYwC34QK1pvgx0pN0zWMI4DLpsqkGY4wSl8WO4Qsve1Tpp6iYUGSjcN52Vh7f95ygw6wwjsIKZAbaDbAVitXtFZ2GGWu0+8RsAjSlHhFaWEL7JdgSX7SYeu2SjSnH5xKxPIRutpt2wtvKa018RFF0UV0H1iEizCI5WZuXSwbpLdIdKIV5aHwMJrUiA1ELJSAbYNlyCdTAlO3QtzaL7NMUCsSaerZUiE0Ko1gATwDlElF0Te8IYpkaiJvaRtpC4WmsTDEwo2kcrLJwVtggN5A3Re6UigvUxoqI9pEWcmDZNmoMxEUYQbKtAIpEfwVS9AeHCc4m1upkAYtmy6wHMsp3weWRtncZbMxaIFVCIkCawsIl2GKkSwRGW0S9qN4g8DHl1pL9qEmh5ExskmSZlUbhUVA5QFfXRWqraCze8jCgQjAWHWCijdnUAbNYxCyKdnL8pp6QX972pRhE+aVNaguzDMEHJ67zHscrVULzJ5Nl0eVMIxKM1dg0xcVMRZVLa0zDnP4eUAzrSsz2jquCTIlkVYdd5jZIWroSxHVGyM/ZL3myusuFiQAQy0yApTqkemfKIrfREh5Jl0LurM+IEkDPDQgbaGtY883KqR0pxkiS3wNCinlVT8/SLfvKV7yuvg3qRC2ThJyz7jEJ9kVssVO8QFOSdOzCkNDeNmJzmqPzBl86U84sVZb9h0fgrqx8AawgS4lBqannBaWYJolY2WpCskaD5l2KTXCAd4yPiM47M+0L/pzWXKlCSR3ZwEb0mJ2EpB122y02l1logxHKuEUHE5RYyTwOG66TF73lbEqHCuDrWWp80APjC83krHry1/TVaesbjpJarPZitmFHmKAZj0FakVw7hrWm6kJUWTPbDgVifHxGcJsdyT22KVtkptS6/mAcDkTnSGX3ikxFls6BEOWHElfzYsj4wdevR6zSkC4T7Vs8neijkTThCI3QnxMO8fSM5SinTOcnF06DHsRIqjBxwYetcPnAU0unaVlG8ggHkdD3RE3UBmrsOOXypBtl9uuSWg8mFR34jEai8Acoy+CmTaqQbJtbbjBQRQKubITwZpbHuQMCeYiH2+zaB8B/Fmp5MvzAjPxc2ibWuyDK78IoeRT3oImSpjIXRGmpvlMrgcCEJIPAiEb3rQkBCCNQRQjmDC8cvQaa6G6ADbBUhqRmHvdzoAIqe8Zh971ieNiUmbR2BgdnQauo7xGOM521YnzgqRd01xUK9N56o8TSHtrslNmp+3SgO2vjX0gZ7zlD3/AN9IVpcLntOg/UWP9NR5xelxoO07NwVQvmSfSJ9vsVNBDX/LXQs3d9TEfv7F2ZbHvAESS7JSjsk/mY/8AGkTVUXson7QfNqwXOMTrKkvJ20Rf3En+2CBaHH8uvKtPEiOqztlUgbhkB4RekgDiYz37sIiPpMp3FSQg8fSJ/Yk+M+H+YtWsXUibU8o0pCS6pLzlxlQiHGAxOTMiliq1HDXQVzgRLShmezUVFSA4zU02ioHV3GG16WefPKJJlezkhcIGIAYRmQSTkCdmppmNAK7PcHse24DupC0IJzyxBSQSOOUety9HoWjDtC1rSmlSYrxqa0B5015Q1fo20tGdhQKpYklQDTiTQfPKkJZ89SAVJB2jYPrB3HklBxyM7qwKWZ8gRQHMmtdu6LLXZVc189IRJaaGpJPDZF029WYUpl3x1sPAwSxEdlmHpE/ZTAMj6H1hK1qY04bomlpmbHYd8BpPJNw2JfagPj9Y0PRu/lswasks5GTYqU3DCRp3xjhb3Gr+Q+kSW/XGqo3cR6GJFbXaHGdYDLbJLuzv1mclic8yc4jd9oNnfGssMdlTpxoM4oF+jbKB5OR6qYMs96q38mZ+khvkI6mixzafIHbrymO5d1IJ3ggchXZAL25o0iKjapMSv4U/4vWKrVcqtni1+JGr4gV84612XwyfJm2tjbWilrTxJh+vR5daFh+Eso/qBMXyroQfyz+oMa94qPGNLRf4ea6MqXY6VixLC7aIx7o14sygUCFfyrTzAilrNvD94rE8iWCLRn6EVksE5GDo5Rh7yvhYd6msPzeLuoW0+zngbXl9cDg64fHXjFTYBkTTmCIuV0+IHvi+RhqcQJ7vsztVVdOBbEo7wMXrFqXfLSlZamuhJJB5Z0gkFdh9DFwl13eEGTs5cg6uqiiqF/KAIkJRbOsRtCU3eMQkzWGnnGUtqywttBQkYRViAOP0ihplTl4mO4CTUkniYtSQIzTcsKi8lKSy3H0i82amv+IsUERB5hhKCXL5LVHNIsV4oxRNWhXRwQGMXY4FWCKR1jQRZemSEN7WU4YigaUy9UU0GhA/LSIfbbpmL/ElzMeVXYzcRO9jiJPfAouEhA2BKHTF7MV2VBIB14w/sFzSPZe1mSUXElFAzUtkMQFTQ5V1Gpj0Jtm705PLQmvC77smpgk2qZLOzGZhlA8RMApzBjNWjoxaUBYIJiD35To6kbxhNacxG1t10WRSocFMWYZVemulVGE6HjBUjorImrjlS3YCnbOANvwls/KldsdkEtF9s8sRQdBDCTc85lxBDh3mgHnGwtMqWrvLZjLQIaqHV2LDRSUWla0FK1ArXhRZ3cIAHcUGitl3dWM3GTwFfT2JbN0ZmMKl0XOlCet4QwXomqozzJpVF1OGleVawUtkZ2DBnBG3OvlTxi9rJNcEO7lQfeq3fQw4wf8AMVaCXRkpySfclTGz1YkelId3NcKTBUywN9c/WGsu7cIoTUcVGXjBkuQ4FFmEDdQfSL4/kcIUuVyJTddGIRFC6VoIJW7nprDVbIfemHyHpHxu7Ho57jEein2Bw1BV93N8dI49kba5PeYZN0eLfznHhER0Zb48XPEPQxy0PRyeqhW4KjtmkB/b0GTM2W4xoH6Jg6q/6XJ9YBn9C9qTKHdMX5iDLRl0Nak0Kvty6qz99IkLdvxGI2y458nNpeJfiTrDyzgazWtK0IzG/WMJKSyjlryww6baww0II0qtYVTrSxJqqkH8NIbzrUmHKFriuykGOptySWqvYPLRDvU8DF8rGK0Y046xfIsZOYEENIoM47fKXCMHJy6oCKhRU+OsfSbUpNAPGJO5GkRABOYFeAhbI1nk5Ug0JXfziwSwBrH1nsxMRnSsNaEwaY00RebSKTPi6XYZriqoxHxUov7jl5xMXJMOZA40IIH6uye4mHGMn0c4ylhA2LjHVWCEueaR1SvIKznnXIDzgyz3Ix7T1O4VY+CABe8xqtGTKtF9giEDUgc4n9sT4hDJejcpOtNbCdQZjGp5S5Zqf3QT7WyDIK55SrPTuxVPjD8SWWPZFZYQLucWh5lqKJLCqstKIzu6oOqpqCFrUhRvpUbZdKLRNS72nezCOHl1AwtVSwRSThFe1qKaDIDILL2v1pjDqowwoSSMLVBLAV0Iod23WHN7XxZ6Ks9maXMwsqrVTgXsmYQQ2FjmddDlGi1INtFtU6Zhk6d2kIqNJRsLBsRVgTTQEDq99IX3l00tM4UmM5WtcOLCvAEKor3w06T9HVs07+GzGW4xLuBr1lDDJgMuIqNdSrRyeqqk92cBzSdUYOU26FyX4B/LB5sYOsXTV5ZqslDwqaRpbiuAVDzVqdQmzvg6+5klR11QU0REXF3mlfQQnJR5ZuoySuTozE3/APo00rhWXLTPVAcXLrEjygb/AM5nE1LE8DSngKQys14oz0aTLCbMSKT40ygm9bDIw4hLTuVfpBetG+TN6klhmbvHpY8+mM0ppg6o9anximR0iddJj95J9YaNY5LDJEH6RAwsqKewh5qDDjOMsA8rySldLZlKFgecFSOmTKKVWnOKbPLk4utKQjcAF8KQ1aVZiAUXBT3TQ+oz8Yu6JrHVvshI6dKD1q9zfWH9g6d2Yjr4+eEH+1oy3UAoAh4Minz2QK8hGBDS0J2GmfyjlOKNLftHqNm6Z2BqAzsJ/EkweeGnnDSTf9ifIWiSeDOoP9VDHiSXclexTTNWJ59Vog1kYVwj+keO2L5l1QW2/k93WzSZmct1r+Bgw8jCS+Ojqtm8lJg+JRhcd4jxz2L65d6f4iwTpi7qcA3yMVzUlTSC0+0bq09HlFfZNQ/A+TcgdDGRvSfNltheWycW28iMopSbMPuVOuXtPlB0hbQf/Vxc0mGnKoMYeCF2kFwi/wBAllvp6hQCxOwVJ7gIfWaZaW/9eb3y2HrHbPPtgWi2Z1HBJi+iQSj2yn+iV5q9acyAYa0kcoV2/wDRZLuye/8AII/MUX+4iL5PR99WKL+qp/pBHnFCva9Dl+lgf7oFtlqdR/EmPyCfPCfWK9OCyV7VlGqsd2SV7cwk7skHiawwVLOnYSWCNpGI+Jr6iPNvvqUvuznPcAf6tO6KpvSd6USSFH4iW/twxU4RwTyRWEejWq8EPvV9fEV8oFe1oNaDjkT5mvlHnTX/ADScyVG5RhHlF8i/B72fODLV9I7zG3e9JVcwW5Zk8c+qPCBbVfj0oi4BvGbfuOncBGcl3kjQSLQp2xk9aQXqNlgZmNTUk7Sak8zFtDFCPxgjHA32Qws+9yzVOIDIU3ACg8hB7X6jkvMZ2c0FSopQAAAAZAAAaCLmsQHanShyJc/0gx1LNZh2nZz+FAv95jRuHofivFhd13hZXFJloEsV7OB6bq1AIrGh++LvkJ/CdXY7RmfPTvjJT0s5HVkd7OPQDKF7WND7gHIkfOFBRrhUaKLS4NVaekrvkjBF3L2jzP0pARZTnqYRi7k2Fl76x8LEw0evcRGctHd2Zy053zyNJqRyaGK0LZc4XiXNXIGvfFsudMGqV/7wMHwNYYJR+GXymK8Y+nGumsTlXmq9uXTxHrFrW+WxqBluP1GUZuGpF2kZ0JXmspzBgyzWuuVK+sHlQ4yQcwVPpH0mwKp0z4xo9ZpcrklFDycWlRzicuVhG0wVOIAoBU+UKZiTK1JqN2yM1JzfLpF57L5luRTQnuEWLeiUopAgREVsnFIua4lbNDTzEbR04dCi9vKLEmA51EGSBXQwlmXY6bzygiwXgUyeOnp0uDWOom+UaMtgXtEciRFljtT/AO49PzH6xnJ96KxyPnH0m8N0ZLTlE5zizZteLr/Nfx+sQTpDN2vXmBGZNodhlHAjbSYtyWGc5ema+z3+WNCFPdDVHxdpMvH1jE3ccDVjSJfAC0+UaR1JL8mOMm1yXWqz2b3kSu0kUPlEl6N2aYKypin8JIqISXheAbICAGm7QfCJ5ot8qytReaHlr6JUFfl9IR2no4RXq5bxnBVm6QT0yDkjc3WHnnBK9KX96Wh4iqn5xpu037Rm4wMtNugA5GkTS7Hp2jGpS/bOx/iSm8FPzBjk60WNuwXTuNPOA0umguMXhmY9jMTbFqzn3Q4nWRWPUnS2G4nCfOOfYJnwjuYfWA4k2syc+3vrQeEBveTDUAd0Um9G2geEUzLdiHZHhG0dP2FtlpvFj73pEpV4uumE81HyoYX4q7I7XhGu1HJy6Y4F817aA/lJX1xRf97yiAMDLvOR86/KEJfgPGJJaabFjqY1qzXZr5NpkODhah2KQwHGpYUgz7uBXEMzXRCDu+Exj0vhgKKi+BjjXrOOwftg1LpDWtLtGnnSHQkGvh5QMyq2stSe8GEP3vadjsO4RU942kmpdid9BXxpWHGL7F5E8o0DykrQYlPiO6sTll9VmDk2XrlCFLxtO7F+YV9Ysl3i47UmvIkfWK4hqD6NAZ7jtoDxX6rlHUnIdpU7mHzH0hTZ70XdMQ8iQPAwwl2+uVVfgQCfOhjKWjF5RPEnhhn2SuYAYfhz8tYhLXCciQYrkzZZNMLIfwsR5MM4LDaUmK3CYMJ8dIxf0/8ASyPRkujvtCdYX2myFjpDF0PvIV4r1l/z4xbZrMWI64I2gdv9ppXurBWnrRw7B8CJbhZzkO+Bbfdxl9VSa/8AdY2VrtyoMCDPbXIjuOdYVl1ObDOH5Jx4krE4qhFZ7VMTVaw1s1qx65QakhHEQW7dxAjOWopcVQNrOpNUGCHmkighXarrfVTAyPOTUVhRhHtnfchwZZ2mOYRthU17nQikcS8cW2HtSwgcjpZax97JIDlEnbFqqRAk6Ei6ZZxSBjJpBSPwibCsZtlA0SL/AGcfUizDCRUeemxTAASjAHSoIryrrGw6NdFlVHtVqFUlozCWaDExFJep6wxe6aDTXMQdabLjdXM7GxrhWg7PAE5CB7ylJhVZlpxFcgoOLCBvw1APPONo6rlg0jBXyZF7HMdizNiY5sd5jqXdnmx7gYeyWkrkWU86wXIvBAy9eXhGqgAV79Y1uQ9kEZ1LuBIADEHbSD7NcFTTAT4xrpd/yqUCS6cwT5gQivKbMduoVQblyJ50iWy1FYRRI6MzMRxBJa72Kj1i5LulLkZyudvswX8CBTziEuxTHoDnXaTGksFziQvtZpWgFabBxgubwjrfqhYLnQIXbEoFSMQplxoYXWCdKzLIOFagc6Q2vTpJLfqqBh3b4z1rZH2gcBEUpN8BnN1wNTbrOcijfoC/MxclllOKoHH5ivyEZdkK5gwbZL4ZMjHOckZLVfYTbrOUOQgP2p2qIZC1q/EnZGkuroi0wBn6i7tv+IsZSlgtyk/tZj0nMPd9YLs0ua/ZQH8w+YIMa63WKy2cUNC3iYTTre5/00wjft8IMp7Xyxqco5ZCVaHlUxoyHevWB710HM90M5Do4qSprvFDU7BkKnxjPPMevWqeJj5HINQT4wY6r7Q1qp5RprRdqsKPRhsDAOOYDZg8oR2zokj1Mt2Q7cDF1HNGOJfHui6TejqtCVK7qfOHVgviS5GNMJ2EUNOVM/KNYzOrTlh0YmZ0Unr2J2Km6tfCtYoF0WxezNb9zR6y1kSYuJGV+/Md+tecCNd76Moddz0I/STmsaZ6JtrPP9jzgWC8R2WY94+Yj7BeQ1QsOKoY9FmXRKagVmlNuckr+lvrC23dHZimpdxuoxwn5QHSyjtsX7MY0i0N25IHED6GBmupjnQryH+Y0cy7pimgMQazOKYwD3f5iqcV0B6cfYjlWaamjjkwI9KwfInzB2lDflIP+YYJIXewPClI+eWAcmU8GFPMCI3pyyTxLpopadlUqy8wQIslzAdsNbNIXKh11wspHrWCWuaW/uiu+mA+Iy8YL0Yy/FkcGhGusXUgmfcTpmrkcJgy/euXiBA/2a0f7VeIZSDyzg+Fo5JgdvuRVPXEkNpgNEao3UyOo2iO2Xo1ZglHR2OVHDmlTnSgOlOGyGV9ynNpmTHQlGyWtcPVAUHLQU9IOsNzyiVaiupFKkKOuNV35/WPPuadXQ9vJkLy6HoApke0YmtcQGADcCaEn6QqPRO0/APER6FarBKBOBSjrkcNRnsy0iqz+1K4Wf8AUFzjeOpNKqv5JLajAt0XtI1QeIiadHbTsABG5qGN49lYUPta76rr4GLZkxOUJSk3ygWkYKXYLWnxeNfWCnm2jDgmKzpuNSPKNY88UyWogC1WtwMgBCcbLuk8Jmas9nk4qsrKdxqV+sV26xhjWWMPfl3RdPWbOekSSQ6HCxzgOW1ZNFFNcoVNZpo0BMSlXdMbVSO6H1n4g90M7K53UjGX1FHLRj7ALpmy7MMWAs44Z+J0id4dNLS/VFETcuveYYT0ZswqtwIFfKADZVJ66YYsdTdE7xPEWJmvEE1JqeJzhpYLxDCgEWWi40euEgc8oCa4psrrJ1hwIPpHUq4B4pxdtWgy0yzrn4wvm2koaUi+z28oaTUYcwYNb2MyEmuwyfpUALb+VIsk3mPhhjJsaDWkUWySlIbUQ7mFWK+UGYqDvBII5Q5sXTJlOFwJiHfk3jt7xGWl2dKRallTZrFUqwxqcuj06w2qRaFojCuuBgAeOXzWLks7y8lIZdqPofynZyjyp1ZDVGIpoQdDGgufpjaEoJq+2TSpycDno3fnxjaM08iWqm+TXTrvlzKhOo/wt8oyd9SWlkq60PrxG+NfY7ZItKjCxxbFbqsv5Tt7iY5eNkDqZc9SybHGTKd8SempK0Nq1weYlmJiOE1zh5edxmzGrtiRuyw0bbQ7m4QpmOpzpSMJQayedp3ycRtxgiVa3Tsuw5E08IFV1i3EIPKOTGUq/wCcm0NwYV9KRL/yNdtllk7TmK+UKWbhFHdG8JuhqTPS3vOz1KspOZFT4fKI47FSgcJWp3UY7eB0jzibNtGIhlKkkk1G/OISrHMmNTEabeEFqDVNHRlI9AS5jMxUnrM0wtli0NcVMiNMoz1pk2uWxDySyj3pYrXjT5Ry6rPLs/XaYQfzEDwGsPG6Us6lZZBypUiM7jprJaUsiJXx9kEtSuFqq3gYCS90BIKnw2xbeFqmMQHUOdjEUZfylaUjsq7y6UcFjXJ69YbwTTrd8Z+eTwdj8QOdeleyAIGdnfUmm4ZQ1l3AzHqmnMZ+UM06PBRUsfSK97Vt0g/e2KrksdCTTQesQnWfE7ZVz2DdlD+z2QIDTOAZtqKHqIWauewRhujLhO/no2p0lJ0CrYiPcPfA861BKigi9502Yau+HgMqcIitzYsy3frFUYJ4M5berF6X1h4wRImvMNaZRa1wIprVmPgIa2WyqozjZXXCAl7YoWzktmAB6xda1CUzpXdDcy0GZMBWlkOZplvjql6GptYYqa0MxozErtxAEf8A5Hbfc6UxLVTr1dD3GChgPKI2m8UQYa4uEBt3WWW219z4+RTZLO5zYkKNu2O2mQXPUGQ2nbHJ97s2SqAN0De2mNtjZadctmUpLEUW/ZHGrgRKWUTNnLGILYS3aaCFu9BpnFcooNMibxGxSecVNeDnsqB3R9Ml00jkiQTEWo+iUz4O7HNzluP0jW3F0wmS6JNrNTSp7ajgx7fJs+MZ1ZNBHUlRPJJO0xRcovg9XWVJtEk4SHkuMwNh3rtUg50jzG+ruezzWltnTNW+JDo3/doMGXPecyztiQ5GmJD2WHHcdx2eUaHpUEtVlW0StZZow94BqYlPEEg8q01jWclqRtZRq/uXyYFWi1WMdWVTWOlBHm5MzhYx97MxJFgtUhJyRUMbySdMer2dwoOYUqx/pMXPeMhEwhHQ095GHrrGTVCxytE5ucxj6mCbHc7O+AMa69aNFqxf6G9S8JkXsyOxYzSanbUDlDe7UlIO2PGAZNzVm+zZ1Q7yfSC706PCSoImhidmGh7s4ko6bjZy3ZSGDWhCaxat5oooKxnksTAdqnOCZNhc7R3x5nqJcRml/glyeBm97nRRSBGvGaT2VHMkmK2Rk7RQ98R+8pa60B31rGsPp3JXqOyuSS4bsa2ZHZKvNw8FA+cVIirqS3M/IQKlpxjqOviPlA1pkWn3VU8m+tI9EdPTiuEZvdLoZrMRdFUd0VzLyA94RmrTItPvK9OAJHlFSSmpmGrxqIktSMcI6MZN0zQvfC74BnX0TkoMALLUZsYY2WUhFaxlL6h9IWxLLAzaZr8BxivHnnVz5Q7WyoeMXpdUv4RWOalLLKvhCabKdl6xoNy/WFbSRXbGtm3coFAfOFNpsVDkRHKLiqRnK2wGTJgjBxi5JIpAs58JiO3kOC13oIHNrNYqxltI6JeHXWDSOthKJiFTExlA4tEWh4qLuZIzYlKmxUVMWyU4RKXstsLV6wwua14XKE9SYMDjg2QbmpNfHfC0xBHIII2Z+ENOnwWMnYRaZeBmVtVJB5g0gNkJhlfTgur/AO5LR/1UwN5qT3wvV4DT3UWSSdHZaZweqQIhgxWhosaEizJdeyvhSCEtajQ+bZcutAH3bNRcTOgHGB1mPWla90eZQv8AFha1IumOGmIxqdd9T86wQlqG+vEmvrClHaoBYDxpDO1XdNlyRPJRkNOyWJFd4IESWlNqsnKUwmVaRvB7v/tFNs9s/YmoBuoR9YUJeq6fKCheaDVYzjozi7SOWo6poHtF2Wg/j/Kw+dIWvZZgNDLevFTDxb8T4POPvvTE1Qg0pt9co9MZazyv+kdPAtsl2TX2YeYpDNbqWWKvMau4MR6ZxJrz/CByJHzit7xU+6PE18zDW/0KMlEsNscCiF+8t8zA7TbTsY+NR4HKL5drHwwUtsFOzAlLVWC73LsUzZc5h1lRuOAA/wBNIHSzz00rGns9pDDNaRfiU7Kxm56qyjtl9mQM2cNrCJJeE4ZY2jUTUTbAc+QmopFjrN5QlpccMXC02gitKwLOtr7RQw3F4qmWGAbTaUc1pGtglBrDBktzUpSKZrOdRDKwSwTplxi+3KgGUduBsYns0/DFjWjEd0dFmBiSWUA6w6bLtkjqTl2xck9TsiDy1EdlIsHYw4CpTqYOlAQCkpRBCZbYOxWKyc4RUKjZHczvMWhCBnGm0S5OWti0hG+GY6HgGVGX0eFyAnZDeWFMqaDsKTP2sU/+SAWbdHSSyWat2dlikE+0gPFEscBEXBn70vEN7xamghcbxntkqgCCUgyXHoilBcILkwCVY7Q2Zeg4Ujc3Ve6JYzZpjAnMVOeR/wCmMu+kUQZzbEnQzvSXZlwGS5Jp1hxy4a6wtnTa6mOGKWg7mwvJYk1RsrBMu1EZhRACQxs2gjqNIwKmd3NQB4RWLLOrkI1Nk7MXPpG0Ubx0otGUUTxuryi72loX4fAwxbtGOzdRAlFWdHTj6AFvaeuVFryP1gRr7nBq0BPAUiy29swLthKKrBZVFcIOa9J7rXB5RUZ806pBFnghdYxbV4CmmK8T7QR5xKVMocwTDkaRS3ZMJU+i+OL6CLBaUAodOMHYUfQqe8Rm2gqzRdqF40NXlAA0XKBJSVbSgguT2Yrk6QK4MZRBLVLplFSJBNr1HKIyoNujGuSxUMXoANYgkRnx0R0kgl7YoFFEBzLQx4R9siC6xzbA5MKsLZTAfelkd4dH/wCMVrHFiSxTjjiK8cWzNIojkVH/2Q=="
25,Soybean : Healthy,Keep planting beds evenly moist until soybeans have pushed through the soil. Water regularly during flowering and pod formation. Avoid overhead watering which can cause flowers and pods to fall off. Mulch when the soil warms to greater than 60°F (16°C) to conserve soil moisture.,"high in fibre
high in protein
low in saturated fat
cholesterol free
lactose free
a good source of omega-3 fatty acids
a source of antioxidants
high in phytoestrogens.",https://upload.wikimedia.org/wikipedia/commons/a/ac/Soybean_leaves.jpg
26,PADDY:RICE HISPA,"White powdery spots can form on both upper and lower leaf surfaces, and quickly expand into large blotches.
Powdery mildew weakens the plant and the fruit ripens prematurely. Fewer and smaller fruit grow on infected plants.
In warm, dry conditions, new spores form and easily spread the disease.
Symptoms of powdery mildew first appear mid to late summer in Minnesota.
Provide good air movement around plants through proper spacing, staking of plants and weed control.
If susceptible varieties are growing in an area where powdery mildew has resulted in yield loss in the past, fungicide may be necessary.","Combine one tablespoon baking soda and one-half teaspoon of liquid, non-detergent soap with one gallon of water, and spray the mixture liberally on the plants. Mouthwash. The mouthwash you may use on a daily basis for killing the germs in your mouth can also be effective at killing powdery mildew spores.",https://us-central1-plantix-8e0ce.cloudfunctions.net/v1/image/w400/a6b5cc2b-4ea2-4940-82be-799ab3c58e9c
27,Strawberry : Leaf Scorch,"Leaf scorch symptoms are very similar to the early stages of common (Mycosphaerella) leaf spot, with irregular dark purple spots being scattered over the upper leaf surface. As the spots enlarge, they begin to look like drops of tar, and are actually the accumulations of black fruiting bodies (acervuli) of the fungus. The centers of the spots remain purple (in Mycosphaerella leaf spot they are white) and there is no well-defined lesion border. In heavy infections, these regions coalesce and the tissue between the lesions often takes on a purplish to bright red color that is dependent on cultivar, temperature, or other factors. The leaves eventually turn brown, dry up, and curl at the margins giving the leaf a scorched appearance. Examination of the acervuli and conidial morphology can help to distinguish between leaf spot and leaf scorch at this advanced stage of disease. On the upper leaf surfaces of leaf scorch lesions, the acervuli are dark with glistening spore masses and dark apothecia. Petiole lesions are elongate, sunken, with a purplish to brown color and can kill the leaf by girdling the petiole. Runners, fruit stalks, fruit and caps can also become infected. Plants may become weakened and the number and vigor of crowns reduced. Infection predisposes the plants to winter and drought stress. In severe infestations, flowers and fruit may die.","While leaf scorch on strawberry plants can be frustrating, there are some strategies which home gardeners may employ to help prevent its spread in the garden. The primary means of strawberry leaf scorch control should always be prevention. Since this fungal pathogen overwinters on the fallen leaves of infected plants, proper garden sanitation is key. This includes the removal of infected garden debris from the strawberry patch, as well as the frequent establishment of new strawberry transplants. The creation of new plantings and strawberry patches is key to maintaining a consistent strawberry harvest, as older plants are more likely to show signs of severe infection.",https://content.ces.ncsu.edu/media/images/17531_IMG_2126.JPG
28,Strawberry : Healthy,"Find them a sunny spot because they love and need lots of light. I prefer a spot where they receive the morning sun.
If you have them in pots and/or other containers, it is good to move them during the day to take advantage of changing sunlight.
They are thirsty plants. Water them daily, especially if they are producing fruit. It is best to do it in the morning and to avoid wetting the leaves for disease prevention.
Keep them guarded from extreme weather conditions and wind. Please note that even if they like sunlight, being exposed to direct midday sunlight can be damaging as well.
Check the pots for good drainage.
Keep weeds and unwanted plants in check.
You need to fertilize them because they need a lot of energy to produce strawberries. Buy a balanced fertilizer (10-10-10, 12-12-12, etc). Follow the directions because too much fertilizer can reduce the fruit yield and it may also stimulate runner production.","The heart-shaped silhouette of the strawberry is the first clue that this fruit is good for you. These potent little packages protect your heart, increase HDL (good) cholesterol, lower your blood pressure, and guard against cancer.

Packed with vitamins, fiber, and particularly high levels of antioxidants known as polyphenols, strawberries are a sodium-free, fat-free, cholesterol-free, low-calorie food. They are among the top 20 fruits in antioxidant capacity and are a good source of manganese and potassium. Just one serving -- about eight strawberries -- provides more vitamin C than an orange.",https://www.canr.msu.edu/uploads/images/7-12-11-MARK-plhstrw4.jpg
29,Tomato : Bacterial Spot,"Bacterial spot of tomato is a potentially devastating disease that, in severe cases, can lead to unmarketable fruit and even plant death.  Bacterial spot can occur wherever tomatoes are grown, but is found most frequently in warm, wet climates, as well as in greenhouses.  The disease is often an issue in Wisconsin.Bacterial spot can affect all above ground parts of a tomato plant, including the leaves, stems, and fruit.  Bacterial spot appears on leaves as small (less than ? inch), sometimes water-soaked (i.e., wet-looking) circular areas.  Spots may initially be yellow-green, but darken to brownish-red as they age.  When the disease is severe, extensive leaf yellowing and leaf loss can also occur.  On green fruit, spots are typically small, raised and blister-like, and may have a yellowish halo.  As fruit mature, the spots enlarge (reaching a maximum size of ¼ inch) and turn brown, scabby and rough.  Mature spots may be raised, or sunken with raised edges.","Plant pathogen-free seed or transplants to prevent the introduction of bacterial spot pathogens on contaminated seed or seedlings.  If a clean seed source is not available or you suspect that your seed is contaminated, soak seeds in water at 122°F for 25 min. to kill the pathogens.  To keep leaves dry and to prevent the spread of the pathogens, avoid overhead watering (e.g., with a wand or sprinkler) of established plants and instead use a drip-tape or soaker-hose.  Also to prevent spread, DO NOT handle plants when they are wet (e.g., from dew) and routinely sterilize tools with either 10% bleach solution or (better) 70% alcohol (e.g., rubbing alcohol).  Where bacterial spot has been a recurring problem, consider using preventative applications of copper-based products registered for use on tomato, especially during warm, wet periods.  Keep in mind however, that if used excessively or for prolonged periods, copper may no longer control the disease.  Be sure to read and follow all label instructions of the product that you select to ensure that you use it in the safest and most effective manner possible.",https://www.growingproduce.com/wp-content/uploads/2019/08/bacterial_spot_tomato.jpg
30,PADDY:BLACK SPOT,"Early blight is one of the most common tomato diseases, occurring nearly every season wherever tomatoes are grown.
It affects leaves, fruits and stems and can be severely yield limiting when susceptible cultivars are used and weather is favorable.
Severe defoliation can occur and result in sunscald on the fruit.
Early blight is common in both field and high tunnel tomato production in Minnesota.","Prune or stake plants to improve air circulation and reduce fungal problems.
Make sure to disinfect your pruning shears (one part bleach to 4 parts water) after each cut.
Keep the soil under plants clean and free of garden debris. Add a layer of organic compost to prevent the spores from splashing back up onto vegetation.
Drip irrigation and soaker hoses can be used to help keep the foliage dry.
For best control, apply copper-based fungicides early, two weeks before disease normally appears or when weather forecasts predict a long period of wet weather. Alternatively, begin treatment when disease first appears, and repeat every 7-10 days for as long as needed.
Containing copper and pyrethrins, Bonide® Garden Dust is a safe, one-step control for many insect attacks and fungal problems. For best results, cover both the tops and undersides of leaves with a thin uniform film or dust. Depending on foliage density, 10 oz will cover 625 sq ft. Repeat applications every 7-10 days, as needed.","data:image/jpeg;base64,/9j/4AAQSkZJRgABAQAAAQABAAD/2wCEAAoGCBMTExcTExMXFxcXFxgXFxAXERAQEBcXFxcYGBcXFxcaHysjGhwoHxcXJDUkKCwuMjIyGSE3PDcxOysxMi4BCwsLDw4PHBERHDEfISguMTExMTExMTExMTEuMTExMTExMTExMTExMTExMTExMTExMTExMTExMTExMTExMTExMf/AABEIAQMAwgMBIgACEQEDEQH/xAAbAAACAwEBAQAAAAAAAAAAAAADBAACBQEGB//EAEIQAAIBAgMCCwQJAgUFAQAAAAECAAMRBBIhBTEiQVFhcYGRobHB0QYTIzJCUnKCorLC4fBikrPS4vHyFCQzY3M0/8QAGQEAAwEBAQAAAAAAAAAAAAAAAQIDBAAF/8QAMBEAAgIABAMHBAICAwAAAAAAAAECEQMSIUEEMVEiMmFxgbHwkaHB0SPxYuETFDP/2gAMAwEAAhEDEQA/AH1MIpgFhVE8wxFxONJeDZpwLL55zNAl5wPOGD5p0PBiXAnUEIphVEEkMs4XkM4Bbuv84oci7df6jB7P+cS67x0jxvMXEvtV4Fo6JMy8cz5KjJYtbg33dcZYcCmOM8Y5zbynKKXDfd/VC4ga0+r859ZBvY7P/HlXUO/ynq/MJn1Rc9LN5DyjD1bIARYs4UcfExB7FvEcRUyrm3WuSebMSYyQHhtOh/CH5zzH8wj2HeyDmQnv/eZGzaoeiag3MFsem58pqYGoGW44lt4ekk1qUWHlbvY5td81BSNzFDyaZSR4zEyTd24tqaLzjuW0x7T0cDSCD5AgkgSElwJUKBhJZacIFllE4YF7udh7STgGaqy2aEtA1BGMRxmg2eccwDvOo6i7NLU2i5qSyGFHDqGFEWpNChp1DBQYRWirPK55zQGjY2cMzX+rc/zth7eA/LFdhN/5DyL439Ieq3h+gzz+I75eD7KQHCC4b7Q7ry9b5k5gD5ymEHBJ/q8AD5y1duEPs+FP9pF8yS5ExZ3C2lwexT6zNxS5kIG8rb8OsY2k7+8sPlynpvZLeJlQBcjmPjbzjVSKN5cr9QmFp5aFugWG7gj95obMw/u0ZefvufURWhUAWmh3sxNutQfCaeFGnS1/y+hk5MpKcqd7g9vH5R9rymSyzY25vHS36ZlkT0cHuIMnr6L2QHLLgTplSZU5MtOgygMteEay15JWcgFsCTBPOs8BUqR6MqK1IpWhWeUYXnUdQACESdyS4E46i6GXFSCnJwQzPKqZRYRILONvYA+HVPNbuPrBVsWDVZNOCD08m7rh9lC1E/1Nbw9IkdmAVHduO/Luzgjznn4rjnk5G3h4KUXfQcw3y/eY9yiWrj4nQCPwW85KfyC3Hm8SPKVrPwmO+97Ab9WUSNmXI+783K4wjMf5vsPKLKN/V3/7QuMe178/5mtBI4INubw/eERxbTeyKPQY4mieJabtbi1JI8Z6PAL8o5z35/UTPBt1J/lHrNHB6ZeZQewL+8Dd183stOefKuioDtk3K9Z8PSZrR/aR1X7IPaTEnE24OkEGekmgLSsu0HK5kLZJdZSdWMGy87OTk4FmW7xeo8o1SCapK0RQQNCKYsHl1qQBGJJRXnGeA46xlc0o9SCNSccNU2jFOZ9J47RMVnHo8EoFKnfje/eZmbcruUKIcrNfhcYAI79AJq6LTp8y3/DfymLtCuqVSWI0QHiG7OT5dk8+CU8bXqehwipt9A2z8V/2y1CbkLY6a5rm+7ptD7Of3gDcRUHvB8oDA4YnDovG4DW3atZrRvZ1MLweIZR0aOfSJ2baXX7E+IcdeuYS2/c0za9zvt82pN7c+sW2PSADBQwUvwQxzONw1PVDbcxGRL7vlHLqQJ3YzZgDyv3XjaqHgIr/AOu/Fo0y12foAv0lvSa9Nd/X2G/pMnDi/WyD+ds18I3C6R/PGSXMjF07M7aoCPlG5VUDqESNSG24/wAZ/u/lERzzXHkh5u5NhXaUBnCZW8eJNsJJB5pM0awWEzTsDeSdYDz9RoAvCupi7iaUAsKhllcwYMvCEMtWcerBqpl/cmCjiheUYw60Zb3UVs4FRaOUngAkZwdO7qOVgO0gRXJIK1PW4hdy8ieomLi8Ir2zjc5sQeIAd2/SbmJ+ZugeIMzGW4W+tsx6ySJ5abu0acHGeHJteI5exQDiU91MyuF+mf5op9Zxmux6G7N3nBJf3Ryn6R7OAD3XnJURabevj7mdtqh7zKvFnW/3bRnZlMIAOYnnvlv4mUxNSzAct7fzqlcFiQ1RwPo6d4j65aHWeWHWy1H8Bm945J0zXUcyrr3ibWBU5rnkFhpYbvSZWGGo6Cei5P8Ammvh25eJbn8R8pNvWxbvl4Hn9uN8d/u/kWJB5fbz/wDcVOlR+BYmrzdGPZQJaMbFSQvFg0uGjqIgUvK5oItOBoWgB80kFnknUERKxerSmq9KCajKgMg04VKcf/6eXSjDYBajSjKUYxTpRmnTgsIiaMqaM0vdyr04kmcZbU4zsinetT+1fs18p10jWxKfxl5gT3EecnJ9l+QY6tGriD855/C8wfeP79FA4GTXXjY33ce+bGLPBJ5Wby9TF6SAOptuy69AXj6phTq/UpgzUW21tRbGVQpbot+IX8J2ifhdJ8Wt5TyW38bUeqypqFFyNb2BG7sM2diBmpLULXVlAA5wzNfwlJYTjFSe5pxOHUcO29VzDVVuw7O0xXY2GNP3jH6T39PCM0qwZzbXKbHpCgwzp8MgcZ8j/miu1oZ4YjhGUHuaGCO88yDty+kM+JulQg7lIPLrTPmRA4ZQoIA3MB/aCBFKOHanSq33tV062pqIi5mnhYRbb8VX1M3a73r1D/WR2aeUAph8Yt6jnlZj+IwBE9JRpIxzdyZfNO3lEWEAhFOZZwU5eWSMAplkhpJ1HDLJBMkZeDM45C+SWRIQiVgzFMoRVEKIvnkNSARoOWg3aB95OZoGCizmObCX4hPIp8RELzQ2NuqHkA85PF0gxorcti24HTfxtLVV1bmzW6g3pB49wAt/5wjOYbHLUbg7ipIOl9bg6TDTa0HwsNu5dDyuyXUHEu+pCg677Wabmw1K4Witt63v1f6ph7R2a/vCVuFc2bkIXl7Z6j3YSnTp/VS35R5TXxGLGcIJfNjbxUlkta2KUkyu9hpYnpJ0PlGMMSSqn62h6cvpFncgmw3mxPNq1/w2647R0ZByIW7MzTKzz7tWx7CsGB+0b8xspHjL4tgyJl1DV0H4ix/JB4BQpW30iXI5Tu8FEYqUQBSCiwWoW03aI58TES1NeDJKa+dWeaZL6yhpxzLOMJ6xiTEissiwjiVDzgnQktlkDSFowDskrmEk4Aw7wbVIGo8GXispAaDzjPFw8hqRLLUWd4MvKs0oWhQrQZXlw0WBls8LJ0HzTT2aPhOeU27h6zE95N3Zq2oA/WYnsNv0mQxu6MnSsFjdWVTzd+sytiC1SoovZAVBPFqunjNbGH4nQG7QptENlixqHS7HW2o6QeqQj3WW4d1g4gwXBQ2G4sNem2kYxPzk8w0+80Rx9dU92unDKi3KS/7xiq9767gB12v5xK3I4kJRjYJVsvWO4fvGs9i3Han32Vbd8VGqjpPkIwx+ducDquT5RWSivUfwtLhq/wD67Zb6ai5PTcx7ENZD9lz2KZhez+0Pe13W/wAgK94mzjdKbH+lvxbvGCnmSfVGvGg8OaT6GDeVaQTpE9RGCwDiLu0ZqCLukYdOygqS6tBFZ1TOCGzTsDeSE4tVqQQaVeDzRGPFjAacvKK0IsWi0WdlbQirOlYwWDAlWhjAVDOokyt56jDL8GkP6Qbc5uf1TyTPPYVDlVB9UDuyzNxHJIHOIm5vUY/0k9pA84viAFGe9gBl32Fzxnuko1L5jvBC6201N/KV2jTBp2Py5s1vs2PiJCqZTh7U8r5AxQWp7q+uTIw6VW9/GHxbatbl9BM/ZJfgHfd2vruXhW7yB1xhKmbNf67DsY+kZxaddP3+ynExavohLHYxqdFXtY66E621t0/Rhti4hqmHzkasd3R/yMQ9sSfcgAfV8RpNf2XoWpUkP1SbdA/aGUY/8Wbdt+1/kfMlhqSW6f3/AET2GwxV6zsLEn1P86Z6DazfCboUfjHpPP1se1LEikg4JYhjx5ivBHd3zd26bUullHYGMXtPFjKW9P59A8Yl31un7f7McGdvAZ5ZXm9HlEeDaFJg2hHQFhKWhKhgi0KHRJJy8kIaB1DAyztKrrABBaYjCCDpLDqItF48iyicYS6iceGhmgTGK1jGKsUrvBuTkBBuQOUgds9tjfInuPpPG7NXPXpLy1E7MwJ7p7DENr0Ajm3EzNxL1QjvLfj7UZpYU0IPGVGpvpZv2hmUMqc/H0sRPP8AthWKhVHGQewX8pvbNJNOnfmN+u4kZQaipdb+xaWGo4Knev7EWNqwpppe7cugdNw5xC1VtYctz23PnOVmC1VI35Sb8wv5gQh1YD+b/wBoW9PQXFm2o+Vi+Mw3vNDxG/YZp7NpWYW+imn3iPWK0/pHo87xzZtZWDON2nYAb+Ei2/nkTjKbh4L8ieB2W7Ypqr/LfMB1jXsEe9pHIprxXe/YpHpNUDn3C34f3Ew/a59KQ56h/JbxMfCk54sb2/CL8Ri5410Rkh5BUiweTPPQsxUOCpIXieeVarCjkHqPAl4F6sqGlEhxjNJBXkhCdMvSlSJeisQeMRqmIdFg6UOogNUYHbSjiHywVRYQuApVmbipp1hMzFCciUojnsmmbFJ/TmY9SEDvInpMYDrY7gD2ZRbvmB7Gr8Wo2/LRaw5yV9JvY4fPbo/GPSYeIf8AJXh89yWLpGPqYm1sAarKTxNr0C2+a9IWyDkXwS8omqjpby9IT6Q+wfyWk5NtJPb9gnjucIw6C9ZFy5jvHBHHv/3EGranmXf2wGOZzUVAODmJJ6ANO4TlZWOYKcuhGbfYkDLpx6w5dOYVh6RV7E2lVy0SRvbQddhfxhfZZHek+fS9Sy8pGijzlq9EMEB4uF2XI8ppgilTB4lBfuZ4rl2arVsvCaWGoLVt/wBGpbTq8x6Ty/tVUvUQciX7WbyAm1snFl6IqOdCty3b3WInm/aSpeu2ugCAdSLfvvOwI1ia7WSxoONrxM4tKl4N2gmebkZxrPBs8Fnnbx4oNFgYVEgljmHSPYaJ7uSOZJJPMCxS0NSEGsMhjGrDiHQQyRem0OpnGuKDKJyos6jTlQzhqEa0z8Qs06oi1SnCZ8Qe9j6WlY/0qO3NNPGb36R4n0i/sxTtTqnlKj+dsLjG4TfaX9c8/F1xH6GPF28iijgr9+HUXc8wYd1oEDgjnDfmaFA4bfePfEfz6kt/nQWqkW621/tHlFKIPDJO9tBbdYDj/m+M1zoPvc30iPKL0QTrfQnQc9zc+HZDsPrTXzYYKXLcoVQO6/hO4iqKpqUF1IQ6bt1l/aSlqSeUju/5S2ysGRWqVb/OFAHWSfKKtLv08zRgNRTk9WuR3a1X3FCnRT5i6KbXNgTbs4M8vtHEZqjnlJ7L6T2lXBWNas+oVc4HIEQN4gz52zzRwqTt/fz/AEV4mScIxXm/NoMXlWMosIlO81UYqOrCBZwJDosYoonESP4VYvTSOYWLJCS5jVpIW4nIupIzAsuBLWklD0MNnVMMrRYmWDwGqLHFeS8XVoQNOGIwk93IDCKYWZsQ0dipam3O48jBYindmPIwt1h41sv/AMR+35CLtbh/aXTqeedPvsxYjp+n4JvVTvsG1++07TYZ3+94iVqkBByAN+ZoPZ2pqPf5rm191ykDWl/OYqXN7CeNxHxQt+I6cfzNObODA67rAgb9bsx8pif9SWxDm+gJFuKwM2cGrAlr6ZFAW27ffxEriQyRS8DRKOVV/iP4fcNPrHl/m6P4NDe99CAAOjf4xTDLa/Mv5rf5jNPDj5Oi/eT4TJNkISoD7Rvlw2Iblplf7iF/UJ8xvPo3tqbYRh9ZkX8Yb9E8DRoTfwK/jb8fwi77qO0hHMNTladGNYdJpYFFE91LU6cYVJZacKHcQWSXowzU4ICdRCSsY95JF5J2UnRJwtCEQNac0aUUd5UPAO84rxTRBjiPCo0URodGgK2MqZfNAK86zwkcQ29k1Phn7fkILNq/2l/VB7Oo5qTG5GYhd+6193PrCKoGc33su8nkblnnzrOzJjJaVzo5Vp8EDlv3uZzDqEDDkXTqZfSEdhwOkc/04tVYZSTv4usj1it6V85k43y+cjyeApfGqdLdpIm0mJPvvdDdlueTebeHfEdmUTnYkb2v1XvNL3YV83GbC/MDp4zXxErl6GmTTm14GhhKwqK5B0D5f7b3HhNii6ZrX+QcttbBfOY+HUJSGm8sxHLr+0W9gqjVGr1GN7sLclzcm3dMMsO1KXSvuNCEGpSXJchz22qA0qaj6TZv7U/1zzNGnPRe1RzVFX6qk/3E+SrMulSm7hlWEvr9QN6A0pQ9HDxilSjFNJe6AmCp0Jc04wBKPBZzYrUEWJjdWJ1I6ZJnLyQd52dYtB2EXqiOBbyNRjUVTox6qTiLNKph5QUbQNDxkLqhhVWHWnO+7itF1MDKs8YKQFSnBRObNzYv/wCcf/T0lgmjdI/XK7FI9yo4/eX8Ja5zEW0Ot+cE28550u/LzMuKnfp7IDjAQUy/WXTmz69155r2gxzCslMbrrftM9TUPCGm6x6eDmM8ntjDlsVTNtODxcmvmJbAyuXa6P2KcO9Xe1mxQpZdecekadNRzDx/3gmPj6yPW+KtMfSueoWHiRJTtsirlLQfriy25EH4rX8TG/Z7ALRQqu4ksTxk7teyZm3CCAC2UNUW9t5AN8vXpNx6vu6ea25e8C58O+Qm240t/n5NcYtYSXVv7GBtB81VjxXsOhdB4SiLF1MKjz1UsqpbCrUaSEUxZaksrzg5RsSlSDFScZ4lisBXNoo5jVWLMsohGikktlnI1C5R2kIzTSAw4jtOFsKAvQlPcR60qyxcwyYmaEoaUeAnMkDYbM5kgnpzUZICrSiZgZguAYCgOUMT4ftL0GLJcixJW99/0pmq7h1UXyWN9Ba4N9efQTZqr81t1we8+sxTVTfzc7GSSXir9xOoeEPsH/DiGIQmop0t38XoI9VPDB/oP+HEXOo6W8P3nRM6eVlg/DAtxXvxbxp3RjB0QaivxgN2b/ERVUOZW5m8vWO0qgRSx4lA0FzckaCdO0xoq2lES2hSetiKNMC6hgWPJr6Td9o6mSjbjYgdW/y75XZGHAqO1tTa/TlCAdgPZEfa6qS6oPorc9LfsB2zsPtzjHp/ZrxJJpJbIyg0sKkWUyEzewwGfeTgrRYtIDFLUh5XhVMUovGaZi7kpFmlcsKJUiWRMpkkkkhOoNQjiySTmTCJOmSSIEGZdZJIjFONB1JJIDhen8y8+b8t/KPV9x+7JJMmL3/nUpPnDy/LEz8w+wf8KIt8y9LeAkknQ5mWXeGG3jr8RL7L1Bvr8W3ZJJDi8y+Dv6fk3MD8z9I8Jg7e1rv0jwEkkHC/+j8jl3TJbfOGSSbykSjSTkk40RDUI1SkkirmLIZWQySSpJnJJJITj//Z"
31,Tomato : Late Blight,"Late blight is caused by the oomycete Phytophthora infestans. Oomycetes are fungus-like organisms also called water molds, but they are not true fungi.
There are many different strains of P. infestans. These are called clonal lineages and designated by a number code (i.e. US-23). Many clonal lineages affect both tomato and potato, but some lineages are specific to one host or the other.Late blight is a potentially devastating disease of tomato and potato, infecting leaves, stems and fruits of tomato plants.
The disease spreads quickly in fields and can result in total crop failure if untreated.
Late blight of potato was responsible for the Irish potato famine of the late 1840s.","Sanitation is the first step in controlling tomato late blight. Clean up all debris and fallen fruit from the garden area. This is particularly essential in warmer areas where extended freezing is unlikely and the late blight tomato disease may overwinter in the fallen fruit. Currently, there are no strains of tomato available that are resistant to late tomato blight, so plants should be inspected at least twice a week. Since late blight symptoms are more likely to occur during wet conditions, more care should be taken during those times. For the home gardener, fungicides that contain maneb, mancozeb, chlorothanolil or fixed copper can help protect plants from late tomato blight. Repeated applications are necessary throughout the growing season as the disease can strike at any time. For organic gardeners, there are some fixed copper products approved for use; otherwise, all infected plants must be immediately removed and destroyed.","https://www.canr.msu.edu/contentAsset/image/e97d1ef0-5b55-49b0-ab4e-c57dcbeca65e/fileAsset/filter/Resize,Jpeg/resize_w/750/jpeg_q/80"
32,Tomato : Leaf Mold,"Tomato leaf mold is a fungal disease that can develop when there are extended periods of leaf wetness and the relative humidity is high (greater than 85 percent). Due to this moisture requirement, the disease is seen primarily in hoophouses and greenhouses. Tomato leaf mold can develop during early spring temperatures (50.9 degrees Fahrenheit) or those characteristic of summer (90 F). The optimal temperature tomato leaf mold is in the low 70s.

Symptoms of disease include yellow spots on the upper leaf surface. Discrete masses of olive-green spores can be seen on the underside of the affected leaves.","When treating tomato plants with fungicide, be sure to cover all areas of the plant that are above the soil, especially the underside of leaves, where the disease often forms. Calcium chloride-based sprays are recommended for treating leaf mold issues. Organic fungicide options are also available.",https://www.gardeningknowhow.com/wp-content/uploads/2018/04/tomato-leaf-mold-400x300.jpg
33,Tomato : Septoria Leaf Spot,"Septoria leaf spot is caused by a fungus, Septoria lycopersici. It is one of the most destructive diseases of tomato foliage and is particularly severe in areas where wet, humid weather persists for extended periods.Septoria leaf spot usually appears on the lower leaves after the first fruit sets. Spots are circular, about 1/16 to 1/4 inch in diameter with dark brown margins and tan to gray centers with small black fruiting structures. Characteristically, there are many spots per leaf. This disease spreads upwards from oldest to youngest growth. If leaf lesions are numerous, the leaves turn slightly yellow, then brown, and then wither. Fruit infection is rare.","Remove diseased leaves. 
Improve air circulation around the plants.
Mulch around the base of the plants. Mulching will reduce splashing soil, which may contain fungal spores associated with debris. Apply mulch after the soil has warmed.
Do not use overhead watering. Overhead watering facilitates infection and spreads the disease. Use a soaker hose at the base of the plant to keep the foliage dry. Water early in the day.
Control weeds. Nightshade and horsenettle are frequently hosts of Septoria leaf spot and should be eradicated around the garden site.
Use crop rotation. Next year do not plant tomatoes back in the same location where diseased tomatoes grew. Wait 1–2 years before replanting tomatoes in these areas.
Use fungicidal sprays.",https://www.missouribotanicalgarden.org/portals/0/Gardening/Gardening%20Help/images/Pests/Septoria_Leaf_Spot_of_Tomato187.jpg
34,Tomato : Spider Mites | Two-Spotted Spider Mite,"The two-spotted spider mite is the most common mite species that attacks vegetable and fruit crops in New England. Spider mites can occur in tomato, eggplant, potato, vine crops such as melons, cucumbers, and other crops. Two-spotted spider mites are one of the most important pests of eggplant. They have up to 20 generations per year and are favored by excess nitrogen and dry and dusty conditions. Outbreaks are often caused by the use of broad-spectrum insecticides which interfere with the numerous natural enemies that help to manage mite populations. As with most pests, catching the problem early will mean easier control.","Avoid weedy fields and do not plant eggplant adjacent to legume forage crops.
Avoid early season, broad-spectrum insecticide applications for other pests.
Do not over-fertilize.
Overhead irrigation or prolonged periods of rain can help reduce populations.",https://entomology.ca.uky.edu/files/styles/panopoly_image_original/public/310a.jpg?itok=XNlP0H9H
35,Tomato : Target Spot,"The disease starts on the older leaves and spreads upwards. The first signs are irregular-shaped spots (less than 1 mm) with a yellow margin . Some of the spots enlarge up to 10 mm and show characteristics rings, hence the name of ""target spot"" . Spread to all leaflets and to other leaves is rapid , causing the leaves to turn yellow, collapse and die . Spots also occur on the stems. They are long and thin. Small light brown spots with dark margins may also occur on the fruit.
The spores are spread by wind-blown rain, and if windy wet weather continues for a few days, spread is fast and plants lose their leaves quickly.","Cultural control is important. The following should be done:
Do not plant new crops next to older ones that have the disease.
Plant as far as possible from papaya, especially if leaves have small angular spots (Photo 5).
Check all seedlings in the nursery, and throw away any with leaf spots.
Remove a few branches from the lower part of the plants to allow better airflow at the base
Remove and burn the lower leaves as soon as the disease is seen, especially after the lower fruit trusses have been picked.
Keep plots free from weeds, as some may be hosts of the fungus.
Do not use overhead irrigation; otherwise, it will create conditions for spore production and infection.
Collect and burn as much of the crop as possible when the harvest is complete.
Practise crop rotation, leaving 3 years before replanting tomato on the same land.",https://barmac.com.au/wp-content/uploads/sites/3/2016/01/Target-Spot-Tomato1.jpg
36,Tomato : Yellow Leaf Curl Virus,"Tomato yellow leaf curl virus is a species in the genus Begomovirus and family Geminiviridae. Tomato yellow leaf curl virus (TYLCV) infection induces severe symptoms on tomato plants and causes serious yield losses worldwide. TYLCV is persistently transmitted by the sweetpotato whitefly, Bemisia tabaci (Gennadius). Cultivars and hybrids with a single or few genes conferring resistance against TYLCV are often planted to mitigate TYLCV-induced losses. These resistant genotypes (cultivars or hybrids) are not immune to TYLCV. They typically develop systemic infection, display mild symptoms, and produce more marketable tomatoes than susceptible genotypes under TYLCV pressure.In several pathosystems, extensive use of resistant cultivars with single dominant resistance-conferring gene has led to intense selection pressure on the virus, development of highly virulent strains, and resistance breakdown.",Use only virus-and whitefly-free tomato and pepper transplants. Transplants should be treated with Capture (bifenthrin) or Venom (dinotefuran) for whitefly adults and Oberon for eggs and nymphs. Imidacloprid or thiamethoxam should be used in transplant houses at least seven days before shipping. Imidacloprid should be sprayed on the entire plant and below the leaves; eggs and flies are often found below the leaves. Spray every 14-21 days and rotate on a monthly basis with Abamectin so that the whiteflies do not build-up resistance to chemicals.,https://gd.eppo.int/media/data/taxon/T/TYLCV0/pics/1024x0/10609.jpg
37,Tomato : Mosaic Virus,"Tomato mosaic virus (ToMV) and  Tobacco mosaic virus (TMV) are hard to distinguish.
Tomato mosaic virus (ToMV) can cause yellowing and stunting of tomato plants resulting in loss of stand and reduced yield.
ToMV may cause uneven ripening of fruit, further reducing yield.
Tobacco mosaic virus (TMV) was once thought to be more common on tomato. 
TMV is usually more of a tobacco pathogen than a tomato pathogen.Mottled light and dark green on leaves.
Young tomato leaf that is mottled light and dark green, stunted growth, curled and malformed leaves.
Tobacco Mosaic virus symptoms on a tomato seedling
If plants are infected early, they may appear yellow and stunted overall.
Leaves may be curled, malformed, or reduced in size.","Use certified disease-free seed or treat your own seed.
Soak seeds in a 10% solution of trisodium phosphate (Na3PO4) for at least 15 minutes.
Or heat dry seeds to 158 °F and hold them at that temperature for two to four days.
Purchase transplants only from reputable sources. Ask about the sanitation procedures they use to prevent disease.
Inspect transplants prior to purchase. Choose only transplants showing no clear symptoms.
Avoid planting in fields where tomato root debris is present, as the virus can survive long-term in roots.
Wash hands with soap and water before and during the handling of plants to reduce potential spread between plants.",http://ucanr.edu/blogs/dirt/blogfiles/71403_original.jpg
38,Tomato : Healthy,"Fertilize one week before as well as on the day of planting. They especially love phosphorous, which promotes the formation of blossoms and the fruits or vegetables that grow from them. Avoid high nitrogen when your tomato plants have blossoms as it promotes vine growth rather than fruit growth.Don't Crowd Tomato Seedlings.Provide Lots of Light.Preheat the Garden Soil.Bury the Stems.Mulch Tomatoes After the Soil Has Warmed.Remove the Bottom Leaves.Pinch and Prune for More Tomatoes.Water Regularly.","The tomato (Solanum lycopersicum) is a fruit from the nightshade family native to South America.

Despite botanically being a fruit, it’s generally eaten and prepared like a vegetable.

Tomatoes are the major dietary source of the antioxidant lycopene, which has been linked to many health benefits, including reduced risk of heart disease and cancer.

They are also a great source of vitamin C, potassium, folate, and vitamin K.",https://cdn8.dissolve.com/p/D869_27_632/D869_27_632_1200.jpg
